Date;Mean Streamflow
24/03/1948;1.2
25/03/1948;2.3
26/03/1948;1.43
27/03/1948;1.27
28/03/1948;1.17
29/03/1948;1.14
30/03/1948;1.2
31/03/1948;2.8
01/04/1948;2.03
02/04/1948;1.4
03/04/1948;2.88
04/04/1948;1.85
05/04/1948;1.5
06/04/1948;1.5
07/04/1948;1.36
08/04/1948;1.27
09/04/1948;1.17
10/04/1948;1.14
11/04/1948;1.05
12/04/1948;1.02
13/04/1948;0.99
14/04/1948;0.96
15/04/1948;0.94
16/04/1948;0.91
17/04/1948;0.88
18/04/1948;0.88
19/04/1948;0.85
20/04/1948;0.91
21/04/1948;0.96
22/04/1948;0.83
23/04/1948;0.77
24/04/1948;0.75
25/04/1948;0.77
26/04/1948;0.77
27/04/1948;0.72
28/04/1948;0.75
29/04/1948;0.72
30/04/1948;0.67
01/05/1948;0.65
02/05/1948;1.08
03/05/1948;0.7
04/05/1948;0.85
05/05/1948;1.7
06/05/1948;3.24
07/05/1948;1.2
08/05/1948;1.05
09/05/1948;0.88
10/05/1948;0.8
11/05/1948;0.77
12/05/1948;0.75
13/05/1948;0.72
14/05/1948;0.7
15/05/1948;0.67
16/05/1948;0.83
17/05/1948;3.7
18/05/1948;1.5
19/05/1948;1.05
20/05/1948;0.91
21/05/1948;0.83
22/05/1948;0.83
23/05/1948;0.75
24/05/1948;0.75
25/05/1948;0.7
26/05/1948;0.7
27/05/1948;0.67
28/05/1948;0.88
29/05/1948;0.72
30/05/1948;0.72
31/05/1948;0.65
01/06/1948;0.62
02/06/1948;0.65
03/06/1948;0.77
04/06/1948;0.7
05/06/1948;0.62
06/06/1948;0.6
07/06/1948;0.57
08/06/1948;0.57
09/06/1948;0.57
10/06/1948;0.57
11/06/1948;0.55
12/06/1948;0.55
13/06/1948;0.6
14/06/1948;0.55
15/06/1948;0.53
16/06/1948;0.5
17/06/1948;0.5
18/06/1948;0.5
19/06/1948;0.5
20/06/1948;0.48
21/06/1948;0.48
22/06/1948;0.48
23/06/1948;0.46
24/06/1948;0.46
25/06/1948;0.46
26/06/1948;0.46
27/06/1948;0.6
28/06/1948;0.67
29/06/1948;0.55
30/06/1948;0.48
07/10/1948;0.36
08/10/1948;0.38
09/10/1948;0.44
10/10/1948;0.42
11/10/1948;2.84
12/10/1948;1.46
13/10/1948;0.75
14/10/1948;0.57
15/10/1948;1.36
16/10/1948;0.65
17/10/1948;0.57
18/10/1948;0.53
19/10/1948;0.5
20/10/1948;0.48
21/10/1948;0.46
22/10/1948;0.44
23/10/1948;0.44
24/10/1948;0.44
25/10/1948;0.85
26/10/1948;0.48
27/10/1948;0.46
28/10/1948;0.85
29/10/1948;0.77
30/10/1948;0.55
31/10/1948;0.48
01/11/1948;0.46
02/11/1948;0.44
03/11/1948;0.46
04/11/1948;0.57
05/11/1948;0.48
06/11/1948;0.46
07/11/1948;0.46
08/11/1948;0.48
09/11/1948;0.46
10/11/1948;0.65
11/11/1948;0.48
12/11/1948;0.91
13/11/1948;0.55
14/11/1948;0.48
15/11/1948;0.46
16/11/1948;0.46
17/11/1948;0.46
18/11/1948;0.44
19/11/1948;0.44
20/11/1948;0.44
21/11/1948;0.53
22/11/1948;0.77
23/11/1948;0.48
24/11/1948;0.48
25/11/1948;0.46
26/11/1948;0.46
27/11/1948;0.48
28/11/1948;0.46
29/11/1948;0.42
30/11/1948;0.42
01/12/1948;0.42
02/12/1948;0.55
03/12/1948;0.44
04/12/1948;0.44
05/12/1948;0.62
06/12/1948;0.44
07/12/1948;0.4
08/12/1948;0.42
09/12/1948;0.38
10/12/1948;0.38
11/12/1948;0.36
12/12/1948;0.36
13/12/1948;0.36
14/12/1948;0.34
15/12/1948;0.36
16/12/1948;0.34
17/12/1948;0.4
18/12/1948;1.53
19/12/1948;0.42
20/12/1948;0.42
21/12/1948;0.38
22/12/1948;0.36
23/12/1948;0.34
24/12/1948;0.34
25/12/1948;0.34
26/12/1948;1.43
27/12/1948;0.42
28/12/1948;0.34
29/12/1948;2.38
30/12/1948;0.62
31/12/1948;0.5
01/01/1949;0.46
02/01/1949;0.44
03/01/1949;0.42
04/01/1949;0.4
05/01/1949;0.38
06/01/1949;0.36
07/01/1949;1.63
08/01/1949;2.88
09/01/1949;0.75
10/01/1949;0.75
11/01/1949;1.27
12/01/1949;0.75
13/01/1949;5.11
14/01/1949;2.15
15/01/1949;1.11
16/01/1949;0.94
17/01/1949;0.91
18/01/1949;2.22
19/01/1949;1.2
20/01/1949;0.88
21/01/1949;0.77
22/01/1949;0.72
23/01/1949;0.7
24/01/1949;0.67
25/01/1949;0.7
26/01/1949;8.54
27/01/1949;2.15
28/01/1949;1.63
29/01/1949;1.11
30/01/1949;0.99
31/01/1949;1.7
01/02/1949;1.96
02/02/1949;1.14
03/02/1949;0.99
04/02/1949;0.91
05/02/1949;0.88
06/02/1949;0.77
07/02/1949;0.8
08/02/1949;1.24
09/02/1949;0.77
10/02/1949;0.72
11/02/1949;0.7
12/02/1949;0.67
13/02/1949;0.65
14/02/1949;0.62
15/02/1949;0.67
16/02/1949;0.62
17/02/1949;0.6
18/02/1949;0.57
19/02/1949;0.57
20/02/1949;0.7
21/02/1949;0.57
22/02/1949;0.65
23/02/1949;0.55
24/02/1949;0.88
25/02/1949;0.65
26/02/1949;0.6
27/02/1949;0.55
28/02/1949;0.53
01/03/1949;0.5
02/03/1949;0.7
03/03/1949;0.99
04/03/1949;1.46
05/03/1949;0.6
06/03/1949;0.55
07/03/1949;1.53
08/03/1949;0.7
09/03/1949;0.91
10/03/1949;0.6
11/03/1949;0.55
12/03/1949;0.55
13/03/1949;0.5
14/03/1949;0.5
15/03/1949;0.5
16/03/1949;0.6
17/03/1949;0.57
18/03/1949;0.5
19/03/1949;0.5
20/03/1949;0.55
21/03/1949;0.48
22/03/1949;2.07
23/03/1949;0.94
24/03/1949;0.57
25/03/1949;7.91
26/03/1949;6.22
27/03/1949;6.51
28/03/1949;4.79
29/03/1949;8.29
30/03/1949;3.7
31/03/1949;2.46
01/04/1949;4.38
02/04/1949;4.64
03/04/1949;2.55
04/04/1949;2.03
05/04/1949;1.88
06/04/1949;1.81
07/04/1949;1.56
08/04/1949;1.63
09/04/1949;1.46
10/04/1949;1.33
11/04/1949;1.24
12/04/1949;1.17
13/04/1949;1.11
14/04/1949;1.05
15/04/1949;0.99
16/04/1949;0.96
17/04/1949;0.91
18/04/1949;0.88
19/04/1949;0.85
20/04/1949;0.83
21/04/1949;0.83
22/04/1949;0.8
23/04/1949;0.77
24/04/1949;1.3
25/04/1949;1.36
26/04/1949;0.8
27/04/1949;0.75
28/04/1949;0.72
29/04/1949;0.7
30/04/1949;0.67
01/05/1949;0.65
02/05/1949;0.65
03/05/1949;0.62
04/05/1949;0.62
05/05/1949;0.62
06/05/1949;0.6
07/05/1949;0.62
08/05/1949;0.6
09/05/1949;0.57
10/05/1949;0.55
11/05/1949;0.8
12/05/1949;0.57
13/05/1949;0.55
14/05/1949;0.53
15/05/1949;0.5
16/05/1949;0.5
17/05/1949;0.53
18/05/1949;0.53
19/05/1949;0.5
20/05/1949;0.5
21/05/1949;0.5
22/05/1949;0.48
23/05/1949;0.48
24/05/1949;0.48
25/05/1949;0.48
26/05/1949;0.46
27/05/1949;0.46
28/05/1949;0.46
29/05/1949;0.44
30/05/1949;0.44
31/05/1949;0.44
01/06/1949;0.44
02/06/1949;0.42
03/06/1949;0.42
04/06/1949;0.42
05/06/1949;0.6
06/06/1949;0.48
07/06/1949;0.44
08/06/1949;0.44
09/06/1949;0.5
10/06/1949;0.55
11/06/1949;1.08
12/06/1949;0.57
13/06/1949;0.55
14/06/1949;0.62
15/06/1949;1.14
16/06/1949;0.5
17/06/1949;0.48
18/06/1949;0.46
19/06/1949;0.44
20/06/1949;0.42
21/06/1949;0.42
22/06/1949;0.42
23/06/1949;0.4
24/06/1949;0.4
25/06/1949;0.44
26/06/1949;0.42
27/06/1949;0.4
28/06/1949;0.38
29/06/1949;0.38
30/06/1949;0.42
01/07/1949;0.42
02/07/1949;0.38
03/07/1949;0.38
04/07/1949;0.36
05/07/1949;0.36
06/07/1949;0.34
07/07/1949;0.36
08/07/1949;0.38
09/07/1949;0.36
10/07/1949;0.34
11/07/1949;0.34
12/07/1949;0.34
13/07/1949;0.34
14/07/1949;0.34
15/07/1949;0.32
16/07/1949;0.34
17/07/1949;0.42
18/07/1949;0.34
19/07/1949;0.36
20/07/1949;0.36
21/07/1949;0.57
22/07/1949;0.38
23/07/1949;0.34
24/07/1949;0.38
25/07/1949;0.38
26/07/1949;0.34
27/07/1949;0.32
28/07/1949;0.32
29/07/1949;0.32
30/07/1949;0.32
31/07/1949;0.32
01/08/1949;0.32
02/08/1949;0.32
03/08/1949;0.3
04/08/1949;0.32
05/08/1949;0.3
06/08/1949;0.3
07/08/1949;0.3
08/08/1949;0.3
09/08/1949;0.3
10/08/1949;0.62
11/08/1949;0.34
12/08/1949;0.34
13/08/1949;0.4
14/08/1949;0.34
15/08/1949;0.38
16/08/1949;0.34
17/08/1949;0.32
18/08/1949;0.32
19/08/1949;0.32
20/08/1949;0.3
21/08/1949;0.34
22/08/1949;0.36
23/08/1949;1.85
24/08/1949;0.48
25/08/1949;0.44
26/08/1949;0.75
27/08/1949;0.75
28/08/1949;0.57
29/08/1949;0.5
30/08/1949;0.48
31/08/1949;0.44
01/09/1949;0.42
02/09/1949;0.4
03/09/1949;0.4
04/09/1949;0.4
05/09/1949;0.96
06/09/1949;0.67
07/09/1949;0.46
08/09/1949;0.44
09/09/1949;0.42
10/09/1949;0.4
11/09/1949;0.42
12/09/1949;0.5
13/09/1949;1.2
14/09/1949;1.46
15/09/1949;2.59
16/09/1949;0.91
17/09/1949;0.75
18/09/1949;0.65
19/09/1949;0.6
20/09/1949;0.57
21/09/1949;0.75
22/09/1949;0.55
23/09/1949;0.53
24/09/1949;0.5
25/09/1949;0.48
26/09/1949;0.46
27/09/1949;0.48
28/09/1949;0.48
29/09/1949;0.44
30/09/1949;0.44
01/10/1949;0.44
02/10/1949;0.44
03/10/1949;0.42
04/10/1949;0.48
05/10/1949;0.5
06/10/1949;0.44
07/10/1949;0.99
08/10/1949;0.77
09/10/1949;0.53
10/10/1949;0.5
11/10/1949;1.81
12/10/1949;2.55
13/10/1949;1.24
14/10/1949;0.75
15/10/1949;0.65
16/10/1949;0.62
17/10/1949;3.94
18/10/1949;0.96
19/10/1949;0.75
20/10/1949;0.96
21/10/1949;0.88
22/10/1949;0.8
23/10/1949;0.7
24/10/1949;0.65
25/10/1949;0.62
26/10/1949;1.46
27/10/1949;0.83
28/10/1949;0.75
29/10/1949;1.3
30/10/1949;0.77
31/10/1949;0.7
01/11/1949;0.65
02/11/1949;0.62
03/11/1949;0.6
04/11/1949;0.57
05/11/1949;0.55
06/11/1949;0.96
07/11/1949;0.65
08/11/1949;0.5
09/11/1949;0.65
10/11/1949;1.85
11/11/1949;0.67
12/11/1949;0.6
13/11/1949;0.57
14/11/1949;0.55
15/11/1949;0.53
16/11/1949;0.53
17/11/1949;0.53
18/11/1949;0.55
19/11/1949;0.57
20/11/1949;0.57
21/11/1949;0.6
22/11/1949;1.33
23/11/1949;0.57
24/11/1949;0.53
25/11/1949;0.99
26/11/1949;1.14
27/11/1949;0.88
28/11/1949;0.67
29/11/1949;0.62
30/11/1949;0.6
01/12/1949;0.72
02/12/1949;0.65
03/12/1949;0.6
04/12/1949;0.55
05/12/1949;0.53
06/12/1949;0.5
07/12/1949;0.88
08/12/1949;1.43
09/12/1949;0.94
10/12/1949;0.67
11/12/1949;0.62
12/12/1949;0.62
13/12/1949;0.62
14/12/1949;0.6
15/12/1949;0.57
16/12/1949;0.55
17/12/1949;0.53
18/12/1949;0.6
19/12/1949;0.53
20/12/1949;0.5
21/12/1949;0.48
22/12/1949;0.5
23/12/1949;0.48
24/12/1949;0.55
25/12/1949;0.48
26/12/1949;0.48
27/12/1949;0.46
28/12/1949;0.46
29/12/1949;0.46
30/12/1949;0.55
31/12/1949;0.46
01/01/1950;0.44
02/01/1950;0.6
03/01/1950;0.67
04/01/1950;0.48
05/01/1950;0.65
06/01/1950;1.02
07/01/1950;0.57
08/01/1950;0.55
09/01/1950;0.77
10/01/1950;0.75
11/01/1950;0.62
12/01/1950;0.55
13/01/1950;0.53
14/01/1950;0.5
15/01/1950;0.5
16/01/1950;0.48
17/01/1950;5.99
18/01/1950;2.88
19/01/1950;5
20/01/1950;1.7
21/01/1950;1.17
22/01/1950;3.01
23/01/1950;1.63
24/01/1950;1.14
25/01/1950;1.02
26/01/1950;0.91
27/01/1950;0.85
28/01/1950;1.46
29/01/1950;1.85
30/01/1950;3.65
31/01/1950;1.3
01/02/1950;1.02
02/02/1950;0.94
03/02/1950;1.2
04/02/1950;1.53
05/02/1950;1.05
06/02/1950;0.91
07/02/1950;3.24
08/02/1950;2.67
09/02/1950;1.43
10/02/1950;1.24
11/02/1950;1.33
12/02/1950;1.33
13/02/1950;1.17
14/02/1950;1.4
15/02/1950;1.46
16/02/1950;1.05
17/02/1950;0.99
18/02/1950;0.96
19/02/1950;0.99
20/02/1950;0.91
21/02/1950;1.77
22/02/1950;5.93
23/02/1950;2.88
24/02/1950;1.56
25/02/1950;1.3
26/02/1950;1.17
27/02/1950;1.08
28/02/1950;1.02
01/03/1950;0.96
02/03/1950;0.94
03/03/1950;1.05
04/03/1950;1.02
05/03/1950;3.15
06/03/1950;2.11
07/03/1950;3.89
08/03/1950;3.1
09/03/1950;1.7
10/03/1950;2.71
11/03/1950;1.77
12/03/1950;3.84
13/03/1950;2.19
14/03/1950;1.81
15/03/1950;1.56
16/03/1950;1.43
17/03/1950;1.56
18/03/1950;1.6
19/03/1950;4.53
20/03/1950;2.03
21/03/1950;1.6
22/03/1950;1.4
23/03/1950;1.27
24/03/1950;1.24
25/03/1950;1.6
26/03/1950;1.88
27/03/1950;1.46
28/03/1950;1.17
29/03/1950;1.08
30/03/1950;1.02
31/03/1950;1.02
01/04/1950;0.96
02/04/1950;1.02
03/04/1950;0.91
04/04/1950;1.2
05/04/1950;1.3
06/04/1950;0.91
07/04/1950;0.88
08/04/1950;0.83
09/04/1950;0.8
10/04/1950;0.77
11/04/1950;0.75
12/04/1950;4.03
13/04/1950;0.99
14/04/1950;1.36
15/04/1950;3.6
16/04/1950;2.3
17/04/1950;1.88
18/04/1950;1.43
19/04/1950;1.17
20/04/1950;1.02
21/04/1950;0.96
22/04/1950;1.53
23/04/1950;0.94
24/04/1950;0.91
25/04/1950;0.85
26/04/1950;0.88
27/04/1950;0.8
28/04/1950;0.77
29/04/1950;0.75
30/04/1950;0.83
01/05/1950;0.75
02/05/1950;0.7
03/05/1950;0.94
04/05/1950;1.2
05/05/1950;0.77
06/05/1950;0.8
07/05/1950;0.72
08/05/1950;0.7
09/05/1950;0.67
10/05/1950;0.67
11/05/1950;0.65
12/05/1950;0.62
13/05/1950;0.6
14/05/1950;0.6
15/05/1950;0.57
16/05/1950;0.72
17/05/1950;0.6
18/05/1950;1.27
19/05/1950;8.87
20/05/1950;1.81
21/05/1950;1.11
22/05/1950;1.05
23/05/1950;0.96
24/05/1950;0.88
25/05/1950;0.83
26/05/1950;0.8
27/05/1950;0.77
28/05/1950;0.72
29/05/1950;0.72
30/05/1950;0.75
31/05/1950;2.19
01/06/1950;0.85
02/06/1950;0.75
03/06/1950;1.3
04/06/1950;0.8
05/06/1950;0.77
06/06/1950;1.08
07/06/1950;3.56
08/06/1950;1.17
09/06/1950;0.99
10/06/1950;0.91
11/06/1950;0.85
12/06/1950;0.83
13/06/1950;0.8
14/06/1950;0.77
15/06/1950;0.75
16/06/1950;0.72
17/06/1950;0.7
18/06/1950;0.67
19/06/1950;0.67
20/06/1950;0.65
21/06/1950;0.65
22/06/1950;0.62
23/06/1950;0.62
24/06/1950;0.75
25/06/1950;0.62
26/06/1950;0.6
27/06/1950;0.57
28/06/1950;0.57
29/06/1950;0.55
30/06/1950;0.53
01/07/1950;0.53
02/07/1950;0.5
03/07/1950;0.5
04/07/1950;0.53
05/07/1950;0.53
06/07/1950;0.5
07/07/1950;0.5
08/07/1950;0.53
09/07/1950;0.77
10/07/1950;0.55
11/07/1950;0.48
12/07/1950;0.48
13/07/1950;0.48
14/07/1950;0.48
15/07/1950;0.46
16/07/1950;0.46
17/07/1950;0.46
18/07/1950;0.44
19/07/1950;0.44
20/07/1950;0.44
21/07/1950;0.44
22/07/1950;0.42
23/07/1950;0.42
24/07/1950;0.42
25/07/1950;0.46
26/07/1950;0.42
27/07/1950;0.46
28/07/1950;0.42
29/07/1950;0.42
30/07/1950;0.42
31/07/1950;0.4
01/08/1950;0.4
02/08/1950;0.83
03/08/1950;0.46
04/08/1950;0.46
05/08/1950;0.42
06/08/1950;0.44
07/08/1950;0.42
08/08/1950;0.4
09/08/1950;0.46
10/08/1950;0.4
11/08/1950;0.4
12/08/1950;0.38
13/08/1950;0.38
14/08/1950;0.38
15/08/1950;0.36
16/08/1950;0.36
17/08/1950;0.36
18/08/1950;0.36
19/08/1950;0.34
20/08/1950;0.34
21/08/1950;0.34
22/08/1950;0.34
23/08/1950;0.34
24/08/1950;0.34
25/08/1950;0.32
26/08/1950;0.32
27/08/1950;0.34
28/08/1950;0.32
29/08/1950;0.32
30/08/1950;0.32
31/08/1950;0.32
01/09/1950;0.32
02/09/1950;0.32
03/09/1950;0.3
04/09/1950;0.3
05/09/1950;0.3
06/09/1950;0.3
07/09/1950;0.3
08/09/1950;0.28
09/09/1950;0.34
10/09/1950;0.32
11/09/1950;0.3
12/09/1950;0.28
13/09/1950;0.28
14/09/1950;0.28
15/09/1950;0.28
16/09/1950;0.28
17/09/1950;0.26
18/09/1950;0.28
19/09/1950;0.3
20/09/1950;0.28
21/09/1950;0.99
22/09/1950;1.63
23/09/1950;2.76
24/09/1950;0.65
25/09/1950;0.48
26/09/1950;0.4
27/09/1950;0.36
28/09/1950;0.34
29/09/1950;0.32
30/09/1950;0.32
01/10/1950;0.32
02/10/1950;0.67
03/10/1950;0.46
04/10/1950;0.34
05/10/1950;0.32
06/10/1950;0.34
07/10/1950;0.32
08/10/1950;0.3
09/10/1950;0.36
10/10/1950;0.36
11/10/1950;0.36
12/10/1950;0.75
13/10/1950;3.7
14/10/1950;1.27
15/10/1950;0.88
16/10/1950;0.77
17/10/1950;0.65
18/10/1950;0.55
19/10/1950;0.77
20/10/1950;0.57
21/10/1950;0.5
22/10/1950;0.46
23/10/1950;0.48
24/10/1950;0.65
25/10/1950;0.46
26/10/1950;0.48
27/10/1950;0.44
28/10/1950;0.42
29/10/1950;0.4
30/10/1950;0.4
31/10/1950;0.5
01/11/1950;0.48
02/11/1950;0.42
03/11/1950;0.4
04/11/1950;0.38
05/11/1950;0.36
06/11/1950;0.36
07/11/1950;0.36
08/11/1950;0.57
09/11/1950;0.46
10/11/1950;0.62
11/11/1950;0.57
12/11/1950;0.62
13/11/1950;0.62
14/11/1950;0.53
15/11/1950;0.48
16/11/1950;0.48
17/11/1950;0.6
18/11/1950;0.65
19/11/1950;0.46
20/11/1950;0.7
21/11/1950;0.5
22/11/1950;0.46
23/11/1950;0.44
24/11/1950;0.55
25/11/1950;0.46
26/11/1950;0.44
27/11/1950;0.44
28/11/1950;1.17
29/11/1950;1.17
30/11/1950;0.65
01/12/1950;0.75
02/12/1950;0.7
03/12/1950;0.62
04/12/1950;0.75
05/12/1950;0.6
06/12/1950;0.57
07/12/1950;0.77
08/12/1950;0.62
09/12/1950;0.57
10/12/1950;0.55
11/12/1950;0.5
12/12/1950;0.57
13/12/1950;1.2
14/12/1950;0.75
15/12/1950;0.62
16/12/1950;4.59
17/12/1950;1.17
18/12/1950;0.85
19/12/1950;0.75
20/12/1950;0.67
21/12/1950;0.65
22/12/1950;0.6
23/12/1950;0.6
24/12/1950;0.57
25/12/1950;0.55
26/12/1950;0.53
27/12/1950;0.5
28/12/1950;0.53
29/12/1950;0.53
30/12/1950;0.8
31/12/1950;0.77
01/01/1951;0.55
02/01/1951;0.5
03/01/1951;0.46
04/01/1951;0.6
05/01/1951;0.6
06/01/1951;0.6
07/01/1951;0.62
08/01/1951;0.5
09/01/1951;0.46
10/01/1951;0.46
11/01/1951;0.44
12/01/1951;0.44
13/01/1951;0.44
14/01/1951;0.5
15/01/1951;0.44
16/01/1951;0.5
17/01/1951;0.42
18/01/1951;3.51
19/01/1951;0.88
20/01/1951;0.6
21/01/1951;0.53
22/01/1951;0.48
23/01/1951;0.53
24/01/1951;0.5
25/01/1951;1.36
26/01/1951;0.65
27/01/1951;5.43
28/01/1951;4.48
29/01/1951;1.17
30/01/1951;1.67
31/01/1951;1.3
01/02/1951;4.48
02/02/1951;1.43
03/02/1951;3.24
04/02/1951;2.07
05/02/1951;2.51
06/02/1951;1.53
07/02/1951;2.76
08/02/1951;1.5
09/02/1951;1.17
10/02/1951;1.05
11/02/1951;1.67
12/02/1951;1.08
13/02/1951;0.99
14/02/1951;0.94
15/02/1951;0.91
16/02/1951;0.88
17/02/1951;2.3
18/02/1951;1.33
19/02/1951;1.02
20/02/1951;0.94
21/02/1951;0.88
22/02/1951;4.48
23/02/1951;2.55
24/02/1951;1.2
25/02/1951;1.2
26/02/1951;1.56
27/02/1951;1.36
28/02/1951;4.38
01/03/1951;1.74
02/03/1951;1.27
03/03/1951;1.14
04/03/1951;1.05
05/03/1951;1.6
06/03/1951;1.74
07/03/1951;1.33
08/03/1951;1.77
09/03/1951;2.22
10/03/1951;1.3
11/03/1951;1.14
12/03/1951;2.19
13/03/1951;1.11
14/03/1951;3.65
15/03/1951;1.33
16/03/1951;1.14
17/03/1951;1.24
18/03/1951;1.02
19/03/1951;1.43
20/03/1951;1.02
21/03/1951;0.96
22/03/1951;1.33
23/03/1951;0.99
24/03/1951;0.91
25/03/1951;0.88
26/03/1951;0.83
27/03/1951;0.83
28/03/1951;0.77
29/03/1951;0.77
30/03/1951;0.75
31/03/1951;0.72
01/04/1951;0.72
02/04/1951;1.17
03/04/1951;0.83
04/04/1951;0.7
05/04/1951;0.67
06/04/1951;0.65
07/04/1951;0.65
08/04/1951;0.62
09/04/1951;1.08
10/04/1951;0.65
11/04/1951;0.62
12/04/1951;0.6
13/04/1951;0.57
14/04/1951;0.94
15/04/1951;0.85
16/04/1951;0.65
17/04/1951;0.62
18/04/1951;0.6
19/04/1951;0.6
20/04/1951;0.57
21/04/1951;0.53
22/04/1951;0.53
23/04/1951;0.53
24/04/1951;0.53
25/04/1951;0.5
26/04/1951;0.65
27/04/1951;0.7
28/04/1951;0.55
29/04/1951;0.53
30/04/1951;0.5
01/05/1951;0.48
02/05/1951;0.48
03/05/1951;0.53
04/05/1951;0.48
05/05/1951;0.46
06/05/1951;0.46
07/05/1951;0.44
08/05/1951;0.44
09/05/1951;0.42
10/05/1951;0.42
11/05/1951;0.42
12/05/1951;0.4
13/05/1951;0.4
14/05/1951;0.4
15/05/1951;0.4
16/05/1951;0.4
17/05/1951;0.4
18/05/1951;0.38
19/05/1951;0.38
20/05/1951;0.38
21/05/1951;0.36
22/05/1951;0.46
23/05/1951;0.4
24/05/1951;0.36
25/05/1951;0.36
26/05/1951;0.36
27/05/1951;0.36
28/05/1951;0.36
29/05/1951;0.42
30/05/1951;0.55
31/05/1951;0.36
01/06/1951;0.36
02/06/1951;0.34
03/06/1951;0.34
04/06/1951;0.32
05/06/1951;0.32
06/06/1951;0.32
07/06/1951;0.32
08/06/1951;0.32
09/06/1951;0.3
10/06/1951;0.3
11/06/1951;0.3
12/06/1951;0.3
13/06/1951;0.28
14/06/1951;0.28
15/06/1951;0.28
16/06/1951;0.28
17/06/1951;0.28
18/06/1951;0.28
19/06/1951;0.28
20/06/1951;0.28
21/06/1951;0.26
22/06/1951;0.26
23/06/1951;0.26
24/06/1951;0.26
25/06/1951;0.26
26/06/1951;0.28
27/06/1951;2.84
28/06/1951;0.8
29/06/1951;0.38
30/06/1951;0.4
01/07/1951;0.3
02/07/1951;0.3
03/07/1951;0.3
04/07/1951;0.28
05/07/1951;0.28
06/07/1951;0.26
07/07/1951;0.26
08/07/1951;0.28
09/07/1951;0.26
10/07/1951;0.25
11/07/1951;0.25
12/07/1951;0.25
13/07/1951;0.25
14/07/1951;0.25
15/07/1951;0.25
16/07/1951;0.25
17/07/1951;0.25
18/07/1951;0.25
19/07/1951;0.25
20/07/1951;0.25
21/07/1951;0.23
22/07/1951;0.23
23/07/1951;0.25
24/07/1951;0.26
25/07/1951;0.25
26/07/1951;0.23
27/07/1951;0.23
28/07/1951;0.23
29/07/1951;0.23
30/07/1951;0.23
31/07/1951;0.23
01/08/1951;0.23
02/08/1951;0.23
03/08/1951;0.21
04/08/1951;0.21
05/08/1951;0.21
06/08/1951;0.21
07/08/1951;0.21
08/08/1951;0.21
09/08/1951;0.21
10/08/1951;0.21
11/08/1951;0.21
12/08/1951;0.21
13/08/1951;0.23
14/08/1951;0.21
15/08/1951;0.21
16/08/1951;0.21
17/08/1951;0.21
18/08/1951;0.2
19/08/1951;0.2
20/08/1951;0.2
21/08/1951;0.21
22/08/1951;0.21
23/08/1951;0.23
24/08/1951;0.3
25/08/1951;0.23
26/08/1951;0.21
27/08/1951;0.21
28/08/1951;0.3
29/08/1951;0.28
30/08/1951;0.21
31/08/1951;0.3
01/09/1951;0.2
02/09/1951;0.2
03/09/1951;0.2
04/09/1951;0.2
05/09/1951;0.2
06/09/1951;0.2
07/09/1951;0.2
08/09/1951;0.2
09/09/1951;0.2
10/09/1951;0.18
11/09/1951;0.18
12/09/1951;0.18
13/09/1951;0.18
14/09/1951;0.18
15/09/1951;0.18
16/09/1951;0.21
17/09/1951;2.84
18/09/1951;0.42
19/09/1951;0.28
20/09/1951;0.28
21/09/1951;0.26
22/09/1951;0.25
23/09/1951;0.23
24/09/1951;0.21
25/09/1951;0.21
26/09/1951;0.2
27/09/1951;0.2
28/09/1951;0.2
29/09/1951;0.18
30/09/1951;0.44
01/10/1951;0.26
02/10/1951;0.23
03/10/1951;0.21
04/10/1951;0.32
05/10/1951;0.65
06/10/1951;0.32
07/10/1951;0.23
08/10/1951;0.21
09/10/1951;0.21
10/10/1951;0.21
11/10/1951;0.21
12/10/1951;0.21
13/10/1951;0.21
14/10/1951;0.38
15/10/1951;0.72
16/10/1951;0.48
17/10/1951;0.44
18/10/1951;2.15
19/10/1951;2.76
20/10/1951;6.98
21/10/1951;2.3
22/10/1951;1.77
23/10/1951;0.96
24/10/1951;0.83
25/10/1951;1.24
26/10/1951;0.8
27/10/1951;0.7
28/10/1951;0.72
29/10/1951;0.75
30/10/1951;0.65
31/10/1951;0.46
01/11/1951;0.48
02/11/1951;0.48
03/11/1951;0.46
04/11/1951;0.44
05/11/1951;0.44
06/11/1951;0.5
07/11/1951;0.44
08/11/1951;0.44
09/11/1951;0.46
10/11/1951;0.44
11/11/1951;0.44
12/11/1951;0.42
13/11/1951;1.63
14/11/1951;0.8
15/11/1951;0.55
16/11/1951;0.5
17/11/1951;0.46
18/11/1951;0.44
19/11/1951;0.44
20/11/1951;0.42
21/11/1951;0.46
22/11/1951;0.44
23/11/1951;0.4
24/11/1951;0.46
25/11/1951;0.91
26/11/1951;0.55
27/11/1951;0.46
28/11/1951;0.46
29/11/1951;0.57
30/11/1951;0.46
01/12/1951;0.44
02/12/1951;1.4
03/12/1951;1.36
04/12/1951;1.3
05/12/1951;1.2
06/12/1951;0.83
07/12/1951;0.88
08/12/1951;0.72
09/12/1951;0.65
10/12/1951;0.6
11/12/1951;0.57
12/12/1951;0.55
13/12/1951;0.55
14/12/1951;0.5
15/12/1951;0.5
16/12/1951;1.63
17/12/1951;1.17
18/12/1951;1.17
19/12/1951;0.65
20/12/1951;0.6
21/12/1951;0.57
22/12/1951;0.72
23/12/1951;0.65
24/12/1951;0.6
25/12/1951;0.55
26/12/1951;0.53
27/12/1951;0.55
28/12/1951;0.53
29/12/1951;0.53
30/12/1951;0.5
31/12/1951;3.1
01/01/1952;1.5
02/01/1952;0.8
03/01/1952;0.7
04/01/1952;0.57
05/01/1952;0.55
06/01/1952;0.53
07/01/1952;0.65
08/01/1952;0.88
09/01/1952;1.02
10/01/1952;0.67
11/01/1952;0.65
12/01/1952;6.16
13/01/1952;1.17
14/01/1952;0.62
15/01/1952;0.96
16/01/1952;0.77
17/01/1952;0.7
18/01/1952;0.67
19/01/1952;0.62
20/01/1952;0.6
21/01/1952;0.6
22/01/1952;0.57
23/01/1952;0.7
24/01/1952;13.44
25/01/1952;3.65
26/01/1952;1.88
27/01/1952;1.81
28/01/1952;1.77
29/01/1952;1.33
30/01/1952;1.17
31/01/1952;1.43
01/02/1952;2.15
02/02/1952;3.79
03/02/1952;1.67
04/02/1952;1.43
05/02/1952;1.24
06/02/1952;1.4
07/02/1952;1.14
08/02/1952;1.05
09/02/1952;0.96
10/02/1952;0.91
11/02/1952;0.88
12/02/1952;0.83
13/02/1952;0.8
14/02/1952;0.77
15/02/1952;0.72
16/02/1952;0.72
17/02/1952;0.7
18/02/1952;0.67
19/02/1952;0.83
20/02/1952;1.77
21/02/1952;0.8
22/02/1952;0.75
23/02/1952;0.72
24/02/1952;0.75
25/02/1952;0.7
26/02/1952;0.8
27/02/1952;0.75
28/02/1952;0.77
29/02/1952;0.7
01/03/1952;0.72
02/03/1952;0.7
03/03/1952;0.75
04/03/1952;2.03
05/03/1952;1.11
06/03/1952;0.8
07/03/1952;0.75
08/03/1952;0.7
09/03/1952;0.75
10/03/1952;0.83
11/03/1952;0.83
12/03/1952;0.88
13/03/1952;0.8
14/03/1952;0.7
15/03/1952;2.15
16/03/1952;1.43
17/03/1952;0.88
18/03/1952;0.99
19/03/1952;0.83
20/03/1952;0.83
21/03/1952;0.75
22/03/1952;0.7
23/03/1952;0.67
24/03/1952;4.38
25/03/1952;1.96
26/03/1952;1.24
27/03/1952;1.11
28/03/1952;0.99
29/03/1952;0.94
30/03/1952;0.88
31/03/1952;0.83
01/04/1952;0.8
02/04/1952;0.77
03/04/1952;0.72
04/04/1952;0.7
05/04/1952;0.67
06/04/1952;0.67
07/04/1952;0.96
08/04/1952;1.2
09/04/1952;0.88
10/04/1952;0.96
11/04/1952;0.75
12/04/1952;0.7
13/04/1952;0.67
14/04/1952;0.65
15/04/1952;0.62
16/04/1952;0.62
17/04/1952;0.6
18/04/1952;0.6
19/04/1952;0.57
20/04/1952;0.57
21/04/1952;0.57
22/04/1952;0.55
23/04/1952;0.55
24/04/1952;0.55
25/04/1952;0.53
26/04/1952;0.5
27/04/1952;0.5
28/04/1952;0.48
29/04/1952;0.48
30/04/1952;0.48
01/05/1952;0.48
02/05/1952;0.48
03/05/1952;0.46
04/05/1952;0.46
05/05/1952;0.46
06/05/1952;0.48
07/05/1952;0.48
08/05/1952;0.44
09/05/1952;0.44
10/05/1952;0.44
11/05/1952;0.42
12/05/1952;0.42
13/05/1952;0.42
14/05/1952;0.42
15/05/1952;0.42
16/05/1952;0.4
17/05/1952;0.4
18/05/1952;0.4
19/05/1952;0.4
20/05/1952;0.4
21/05/1952;0.38
22/05/1952;0.38
23/05/1952;0.42
24/05/1952;0.85
25/05/1952;0.42
26/05/1952;4.59
27/05/1952;0.75
28/05/1952;0.48
29/05/1952;0.44
30/05/1952;0.42
31/05/1952;0.4
01/06/1952;0.4
02/06/1952;0.4
03/06/1952;0.4
04/06/1952;0.38
05/06/1952;0.4
06/06/1952;0.5
07/06/1952;0.48
08/06/1952;0.4
09/06/1952;0.46
10/06/1952;0.42
11/06/1952;0.38
12/06/1952;0.36
13/06/1952;0.38
14/06/1952;0.85
15/06/1952;0.6
16/06/1952;2.19
17/06/1952;1.17
18/06/1952;0.65
19/06/1952;0.55
20/06/1952;0.5
21/06/1952;0.48
22/06/1952;0.46
23/06/1952;0.46
24/06/1952;0.44
25/06/1952;0.42
26/06/1952;0.42
27/06/1952;0.4
28/06/1952;0.4
29/06/1952;0.4
30/06/1952;0.4
01/07/1952;0.4
02/07/1952;0.4
03/07/1952;0.38
04/07/1952;0.38
05/07/1952;0.38
06/07/1952;0.36
07/07/1952;0.36
08/07/1952;0.36
09/07/1952;0.34
10/07/1952;0.34
11/07/1952;0.34
12/07/1952;0.34
13/07/1952;0.32
14/07/1952;0.32
15/07/1952;0.32
16/07/1952;0.32
17/07/1952;0.32
18/07/1952;0.32
19/07/1952;0.32
20/07/1952;0.34
21/07/1952;0.34
22/07/1952;0.4
23/07/1952;0.32
24/07/1952;0.3
25/07/1952;0.3
26/07/1952;0.3
27/07/1952;0.3
28/07/1952;0.32
29/07/1952;0.3
30/07/1952;0.3
31/07/1952;0.3
01/08/1952;0.3
02/08/1952;0.28
03/08/1952;0.28
04/08/1952;0.28
05/08/1952;0.32
06/08/1952;0.3
07/08/1952;0.28
08/08/1952;0.28
09/08/1952;0.38
10/08/1952;0.3
11/08/1952;0.28
12/08/1952;0.28
13/08/1952;0.28
14/08/1952;0.28
15/08/1952;0.28
16/08/1952;0.26
17/08/1952;0.26
18/08/1952;0.28
19/08/1952;0.3
20/08/1952;0.26
21/08/1952;0.26
22/08/1952;0.26
23/08/1952;0.26
24/08/1952;0.25
25/08/1952;0.26
26/08/1952;0.26
27/08/1952;0.3
28/08/1952;0.36
29/08/1952;0.3
30/08/1952;0.28
31/08/1952;0.26
01/09/1952;0.25
02/09/1952;0.57
03/09/1952;0.44
04/09/1952;0.6
05/09/1952;0.44
06/09/1952;2.63
07/09/1952;0.53
08/09/1952;0.4
09/09/1952;0.36
10/09/1952;0.32
11/09/1952;0.3
12/09/1952;0.3
13/09/1952;0.3
14/09/1952;0.28
15/09/1952;0.42
16/09/1952;0.8
17/09/1952;0.42
18/09/1952;1.36
19/09/1952;0.5
20/09/1952;0.4
21/09/1952;0.36
22/09/1952;0.34
23/09/1952;0.36
24/09/1952;0.34
25/09/1952;0.32
26/09/1952;0.32
27/09/1952;0.3
28/09/1952;0.3
29/09/1952;0.36
30/09/1952;0.32
01/10/1952;0.3
02/10/1952;0.28
03/10/1952;0.28
04/10/1952;0.28
05/10/1952;0.28
06/10/1952;0.3
07/10/1952;0.28
08/10/1952;0.48
09/10/1952;0.32
10/10/1952;0.28
11/10/1952;0.28
12/10/1952;0.28
13/10/1952;2.59
14/10/1952;1.14
15/10/1952;0.46
16/10/1952;0.4
17/10/1952;0.4
18/10/1952;0.53
19/10/1952;0.48
20/10/1952;0.42
21/10/1952;0.4
22/10/1952;0.38
23/10/1952;0.36
24/10/1952;0.36
25/10/1952;0.36
26/10/1952;3.28
27/10/1952;0.57
28/10/1952;3.06
29/10/1952;2.8
30/10/1952;1.74
31/10/1952;0.99
01/11/1952;0.83
02/11/1952;1.2
03/11/1952;1.74
04/11/1952;1.05
05/11/1952;0.88
06/11/1952;1.36
07/11/1952;0.85
08/11/1952;0.85
09/11/1952;0.99
10/11/1952;1.02
11/11/1952;0.85
12/11/1952;0.75
13/11/1952;0.7
14/11/1952;0.65
15/11/1952;0.62
16/11/1952;0.6
17/11/1952;0.57
18/11/1952;0.7
19/11/1952;6.86
20/11/1952;1.3
21/11/1952;1.08
22/11/1952;1.24
23/11/1952;0.96
24/11/1952;0.85
25/11/1952;0.85
26/11/1952;3.51
27/11/1952;1.05
28/11/1952;0.91
29/11/1952;0.85
30/11/1952;0.83
01/12/1952;0.85
02/12/1952;0.75
03/12/1952;0.72
04/12/1952;0.67
05/12/1952;1.43
06/12/1952;0.75
07/12/1952;0.7
08/12/1952;0.67
09/12/1952;0.62
10/12/1952;0.62
11/12/1952;0.65
12/12/1952;0.65
13/12/1952;0.67
14/12/1952;0.94
15/12/1952;0.65
16/12/1952;0.6
17/12/1952;0.57
18/12/1952;0.55
19/12/1952;0.6
20/12/1952;0.53
21/12/1952;0.5
22/12/1952;0.48
23/12/1952;0.46
24/12/1952;1.6
25/12/1952;0.75
26/12/1952;1.7
27/12/1952;0.88
28/12/1952;0.67
29/12/1952;0.62
30/12/1952;0.62
31/12/1952;0.83
01/01/1953;5.11
02/01/1953;0.99
03/01/1953;0.8
04/01/1953;1.17
05/01/1953;2
06/01/1953;0.88
07/01/1953;0.85
08/01/1953;0.88
09/01/1953;0.75
10/01/1953;0.7
11/01/1953;0.67
12/01/1953;0.62
13/01/1953;0.6
14/01/1953;0.57
15/01/1953;0.57
16/01/1953;0.55
17/01/1953;0.53
18/01/1953;0.5
19/01/1953;0.53
20/01/1953;0.53
21/01/1953;0.48
22/01/1953;0.48
23/01/1953;0.46
24/01/1953;0.46
25/01/1953;0.57
26/01/1953;0.48
27/01/1953;0.48
28/01/1953;0.57
29/01/1953;1.85
30/01/1953;0.77
31/01/1953;0.55
01/02/1953;4.03
02/02/1953;1.2
03/02/1953;0.72
04/02/1953;0.72
05/02/1953;0.6
06/02/1953;0.57
07/02/1953;0.55
08/02/1953;0.53
09/02/1953;0.5
10/02/1953;0.53
11/02/1953;6.57
12/02/1953;2.55
13/02/1953;2.67
14/02/1953;1.43
15/02/1953;1.3
16/02/1953;1.08
17/02/1953;0.91
18/02/1953;0.85
19/02/1953;0.83
20/02/1953;0.77
21/02/1953;0.75
22/02/1953;0.75
23/02/1953;0.7
24/02/1953;0.75
25/02/1953;0.7
26/02/1953;0.72
27/02/1953;0.65
28/02/1953;0.75
01/03/1953;0.6
02/03/1953;0.67
03/03/1953;0.6
04/03/1953;0.67
05/03/1953;0.57
06/03/1953;0.55
07/03/1953;2.22
08/03/1953;3.37
09/03/1953;0.99
10/03/1953;0.94
11/03/1953;0.72
12/03/1953;0.77
13/03/1953;0.88
14/03/1953;0.7
15/03/1953;0.7
16/03/1953;0.65
17/03/1953;0.7
18/03/1953;0.83
19/03/1953;0.99
20/03/1953;0.67
21/03/1953;1.24
22/03/1953;0.75
23/03/1953;0.67
24/03/1953;0.67
25/03/1953;0.62
26/03/1953;0.72
27/03/1953;0.65
28/03/1953;0.6
29/03/1953;0.6
30/03/1953;0.57
31/03/1953;0.57
01/04/1953;0.7
02/04/1953;0.6
03/04/1953;0.55
04/04/1953;0.5
05/04/1953;0.55
06/04/1953;0.65
07/04/1953;0.57
08/04/1953;0.67
09/04/1953;0.6
10/04/1953;0.53
11/04/1953;0.48
12/04/1953;0.57
13/04/1953;0.5
14/04/1953;0.48
15/04/1953;0.46
16/04/1953;2.71
17/04/1953;0.77
18/04/1953;0.57
19/04/1953;0.55
20/04/1953;0.53
21/04/1953;0.53
22/04/1953;0.5
23/04/1953;0.48
24/04/1953;0.48
25/04/1953;0.46
26/04/1953;0.44
27/04/1953;0.44
28/04/1953;0.44
29/04/1953;0.42
30/04/1953;0.42
01/05/1953;0.42
02/05/1953;0.4
03/05/1953;0.4
04/05/1953;0.4
05/05/1953;0.38
06/05/1953;0.38
07/05/1953;0.4
08/05/1953;0.4
09/05/1953;0.38
10/05/1953;0.38
11/05/1953;1.27
12/05/1953;1.14
13/05/1953;0.62
14/05/1953;0.5
15/05/1953;0.8
16/05/1953;0.83
17/05/1953;1.14
18/05/1953;0.62
19/05/1953;0.6
20/05/1953;0.55
21/05/1953;0.5
22/05/1953;0.48
23/05/1953;0.46
24/05/1953;0.44
25/05/1953;1.43
26/05/1953;0.6
27/05/1953;0.5
28/05/1953;0.48
29/05/1953;0.46
30/05/1953;0.44
31/05/1953;0.48
01/06/1953;0.44
02/06/1953;0.42
03/06/1953;0.4
04/06/1953;0.44
05/06/1953;0.4
06/06/1953;0.42
07/06/1953;0.46
08/06/1953;0.46
09/06/1953;0.42
10/06/1953;0.57
11/06/1953;0.44
12/06/1953;0.42
13/06/1953;0.4
14/06/1953;0.4
15/06/1953;0.38
16/06/1953;0.38
17/06/1953;0.36
18/06/1953;0.36
19/06/1953;0.36
20/06/1953;0.34
21/06/1953;0.34
22/06/1953;0.34
23/06/1953;0.34
24/06/1953;0.34
25/06/1953;0.34
26/06/1953;0.34
27/06/1953;0.34
28/06/1953;0.34
29/06/1953;0.32
30/06/1953;0.32
01/07/1953;0.32
02/07/1953;0.34
03/07/1953;0.32
04/07/1953;0.34
05/07/1953;0.32
06/07/1953;0.3
07/07/1953;0.3
08/07/1953;0.3
09/07/1953;0.32
10/07/1953;0.32
11/07/1953;0.3
12/07/1953;0.3
13/07/1953;0.28
14/07/1953;0.28
15/07/1953;0.28
16/07/1953;0.28
17/07/1953;0.28
18/07/1953;0.28
19/07/1953;0.62
20/07/1953;0.38
21/07/1953;0.28
22/07/1953;0.28
23/07/1953;0.28
24/07/1953;0.28
25/07/1953;0.28
26/07/1953;0.26
27/07/1953;0.26
28/07/1953;0.26
29/07/1953;0.26
30/07/1953;0.26
31/07/1953;0.25
20/12/2002;0.42
21/12/2002;0.48
22/12/2002;0.8
23/12/2002;0.65
24/12/2002;0.51
25/12/2002;0.76
26/12/2002;0.61
27/12/2002;0.54
28/12/2002;0.42
29/12/2002;0.42
30/12/2002;0.42
31/12/2002;0.42
01/01/2003;0.48
02/01/2003;0.48
03/01/2003;0.48
04/01/2003;8.94
05/01/2003;1.4
06/01/2003;0.8
07/01/2003;0.61
08/01/2003;0.48
09/01/2003;0.42
10/01/2003;4.95
23/05/2003;0.34
24/05/2003;0.26
25/05/2003;0.26
26/05/2003;0.26
27/05/2003;0.31
28/05/2003;0.26
29/05/2003;0.31
30/05/2003;0.26
31/05/2003;0.26
01/06/2003;0.26
02/06/2003;0.26
03/06/2003;0.31
04/06/2003;0.31
05/06/2003;0.26
06/06/2003;0.34
07/06/2003;0.42
08/06/2003;0.58
09/06/2003;0.54
10/06/2003;0.31
11/06/2003;0.31
12/06/2003;0.29
13/06/2003;0.31
14/06/2003;0.31
15/06/2003;0.26
16/06/2003;0.29
17/06/2003;0.31
18/06/2003;0.29
19/06/2003;0.26
20/06/2003;0.26
21/06/2003;0.26
22/06/2003;0.26
23/06/2003;0.26
24/06/2003;0.24
25/06/2003;0.26
26/06/2003;0.26
27/06/2003;0.26
28/06/2003;0.24
29/06/2003;0.26
30/06/2003;0.26
01/07/2003;0.26
02/07/2003;0.26
03/07/2003;0.24
04/07/2003;0.22
05/07/2003;0.24
06/07/2003;0.92
07/07/2003;0.29
08/07/2003;0.24
09/07/2003;0.26
10/07/2003;0.61
11/07/2003;0.36
12/07/2003;0.26
13/07/2003;0.26
14/07/2003;0.26
15/07/2003;0.8
16/07/2003;0.39
17/07/2003;0.31
18/07/2003;0.31
19/07/2003;0.31
20/07/2003;0.31
21/07/2003;0.26
22/07/2003;0.29
23/07/2003;0.26
24/07/2003;0.26
25/07/2003;0.26
26/07/2003;0.24
27/07/2003;0.26
28/07/2003;0.29
29/07/2003;0.29
30/07/2003;0.26
31/07/2003;0.26
01/08/2003;0.26
02/08/2003;0.24
03/08/2003;0.24
04/08/2003;0.26
05/08/2003;0.26
06/08/2003;0.26
07/08/2003;0.26
08/08/2003;0.26
09/08/2003;0.24
10/08/2003;0.24
11/08/2003;0.24
12/08/2003;0.26
13/08/2003;0.24
14/08/2003;0.26
15/08/2003;0.22
16/08/2003;0.26
17/08/2003;0.22
18/08/2003;0.22
19/08/2003;0.2
20/08/2003;0.22
21/08/2003;0.22
22/08/2003;0.22
23/08/2003;0.2
24/08/2003;0.22
25/08/2003;0.22
26/08/2003;0.24
27/08/2003;0.22
28/08/2003;0.22
29/08/2003;0.22
30/08/2003;0.36
31/08/2003;0.26
01/09/2003;0.22
02/09/2003;0.26
03/09/2003;0.24
04/09/2003;0.2
05/09/2003;0.22
06/09/2003;0.2
07/09/2003;0.18
08/09/2003;0.22
09/09/2003;0.22
10/09/2003;0.61
11/09/2003;0.36
12/09/2003;0.26
13/09/2003;0.22
14/09/2003;0.22
15/09/2003;0.2
16/09/2003;0.39
17/09/2003;0.22
18/09/2003;0.24
19/09/2003;0.22
20/09/2003;0.2
21/09/2003;0.2
22/09/2003;0.2
23/09/2003;0.2
24/09/2003;0.2
25/09/2003;0.36
26/09/2003;0.84
27/09/2003;0.31
28/09/2003;0.24
29/09/2003;0.36
30/09/2003;0.31
01/10/2003;0.26
02/10/2003;0.26
03/10/2003;0.26
04/10/2003;0.24
05/10/2003;0.22
06/10/2003;0.26
07/10/2003;0.42
08/10/2003;0.31
09/10/2003;0.34
10/10/2003;0.34
11/10/2003;1.51
12/10/2003;0.48
13/10/2003;0.48
14/10/2003;0.36
15/10/2003;0.31
16/10/2003;0.29
17/10/2003;0.26
18/10/2003;0.26
19/10/2003;0.26
20/10/2003;0.26
21/10/2003;0.29
22/10/2003;0.26
23/10/2003;0.26
24/10/2003;0.26
25/10/2003;0.26
26/10/2003;0.22
27/10/2003;0.34
28/10/2003;0.48
29/10/2003;0.34
30/10/2003;0.26
31/10/2003;0.26
01/11/2003;0.34
02/11/2003;0.54
03/11/2003;0.42
04/11/2003;0.29
05/11/2003;0.29
06/11/2003;0.26
07/11/2003;0.72
08/11/2003;0.36
09/11/2003;0.34
10/11/2003;0.26
11/11/2003;0.31
12/11/2003;0.29
13/11/2003;0.29
14/11/2003;0.26
15/11/2003;0.29
16/11/2003;0.26
17/11/2003;1.45
18/11/2003;0.31
19/11/2003;0.31
20/11/2003;0.26
21/11/2003;0.29
22/11/2003;0.26
23/11/2003;0.26
24/11/2003;0.26
25/11/2003;0.31
26/11/2003;0.54
27/11/2003;0.31
28/11/2003;0.61
29/11/2003;0.34
30/11/2003;0.36
01/12/2003;0.34
02/12/2003;0.31
03/12/2003;0.31
04/12/2003;5.38
05/12/2003;1.51
06/12/2003;0.51
07/12/2003;0.42
08/12/2003;0.48
09/12/2003;0.61
10/12/2003;0.36
11/12/2003;0.31
12/12/2003;0.36
13/12/2003;0.48
14/12/2003;0.45
15/12/2003;0.42
16/12/2003;0.48
17/12/2003;1.01
18/12/2003;0.72
19/12/2003;1.51
20/12/2003;0.84
21/12/2003;1.2
22/12/2003;0.76
23/12/2003;0.88
24/12/2003;0.65
25/12/2003;0.61
26/12/2003;0.58
27/12/2003;0.76
28/12/2003;0.54
29/12/2003;0.54
30/12/2003;0.51
31/12/2003;0.58
01/01/2004;0.76
02/01/2004;0.54
03/01/2004;0.51
04/01/2004;0.48
05/01/2004;0.61
06/01/2004;0.48
07/01/2004;0.54
08/01/2004;0.48
09/01/2004;0.42
10/01/2004;0.42
11/01/2004;0.42
12/01/2004;0.54
13/01/2004;0.48
14/01/2004;0.42
15/01/2004;0.45
16/01/2004;0.76
17/01/2004;0.42
18/01/2004;0.39
19/01/2004;0.42
20/01/2004;0.39
21/01/2004;0.48
22/01/2004;0.42
23/01/2004;0.72
24/01/2004;1.51
25/01/2004;4.38
26/01/2004;1.15
27/01/2004;0.84
28/01/2004;1.1
29/01/2004;0.58
30/01/2004;0.48
31/01/2004;0.42
01/02/2004;0.48
02/02/2004;0.54
03/02/2004;0.48
04/02/2004;0.48
05/02/2004;0.48
06/02/2004;0.72
07/02/2004;1.1
08/02/2004;0.68
09/02/2004;0.68
10/02/2004;0.61
11/02/2004;0.8
12/02/2004;0.65
13/02/2004;1.1
14/02/2004;0.88
15/02/2004;0.72
16/02/2004;0.8
17/02/2004;0.61
18/02/2004;0.61
19/02/2004;1.51
20/02/2004;0.8
21/02/2004;0.58
22/02/2004;0.61
23/02/2004;0.61
24/02/2004;0.54
25/02/2004;0.54
26/02/2004;0.48
27/02/2004;0.58
28/02/2004;0.65
29/02/2004;0.54
01/03/2004;0.54
02/03/2004;0.54
03/03/2004;0.51
04/03/2004;0.54
05/03/2004;0.42
06/03/2004;0.42
07/03/2004;0.42
08/03/2004;0.42
09/03/2004;0.42
10/03/2004;0.42
11/03/2004;0.48
12/03/2004;0.61
13/03/2004;0.68
14/03/2004;1.92
15/03/2004;0.65
16/03/2004;0.45
17/03/2004;0.39
18/03/2004;0.48
19/03/2004;0.42
20/03/2004;1.62
21/03/2004;0.72
22/03/2004;0.72
23/03/2004;0.65
24/03/2004;0.36
25/03/2004;0.36
26/03/2004;0.31
27/03/2004;0.29
28/03/2004;0.26
29/03/2004;0.26
30/03/2004;0.34
31/03/2004;0.54
01/04/2004;0.48
02/04/2004;0.48
03/04/2004;0.48
04/04/2004;0.42
05/04/2004;0.42
06/04/2004;0.42
07/04/2004;0.45
08/04/2004;0.42
09/04/2004;0.36
10/04/2004;0.42
11/04/2004;1.51
12/04/2004;0.65
13/04/2004;0.48
14/04/2004;0.8
15/04/2004;0.61
16/04/2004;0.42
17/04/2004;0.31
18/04/2004;0.48
19/04/2004;0.42
20/04/2004;0.61
21/04/2004;0.48
22/04/2004;1.51
23/04/2004;0.8
24/04/2004;0.68
25/04/2004;0.54
26/04/2004;0.48
27/04/2004;0.42
28/04/2004;0.51
29/04/2004;0.48
30/04/2004;0.42
01/05/2004;0.65
02/05/2004;0.42
03/05/2004;0.61
04/05/2004;0.65
05/05/2004;0.65
06/05/2004;0.58
07/05/2004;1.35
08/05/2004;0.61
09/05/2004;0.54
10/05/2004;0.48
11/05/2004;0.48
12/05/2004;0.45
13/05/2004;0.42
14/05/2004;0.39
15/05/2004;0.42
16/05/2004;0.36
17/05/2004;0.36
18/05/2004;0.34
19/05/2004;0.42
20/05/2004;0.51
21/05/2004;0.45
22/05/2004;0.58
23/05/2004;0.61
24/05/2004;0.51
25/05/2004;0.61
26/05/2004;0.54
27/05/2004;0.48
28/05/2004;0.48
29/05/2004;0.45
30/05/2004;0.61
31/05/2004;0.8
01/06/2004;0.68
02/06/2004;0.47
03/06/2004;0.54
04/06/2004;0.47
05/06/2004;0.57
06/06/2004;0.47
07/06/2004;0.47
08/06/2004;0.44
09/06/2004;0.44
10/06/2004;0.5
11/06/2004;0.88
12/06/2004;1.07
13/06/2004;0.64
14/06/2004;0.47
15/06/2004;0.61
16/06/2004;0.54
17/06/2004;0.57
18/06/2004;0.57
19/06/2004;0.54
20/06/2004;0.57
21/06/2004;0.5
22/06/2004;0.5
23/06/2004;0.47
24/06/2004;0.61
25/06/2004;0.47
26/06/2004;0.47
27/06/2004;0.54
28/06/2004;0.54
29/06/2004;0.5
30/06/2004;0.44
01/07/2004;0.47
02/07/2004;0.44
03/07/2004;0.44
04/07/2004;0.47
05/07/2004;0.54
06/07/2004;0.44
07/07/2004;0.38
08/07/2004;0.68
09/07/2004;1.42
10/07/2004;0.54
11/07/2004;0.44
12/07/2004;0.47
13/07/2004;0.44
14/07/2004;0.32
15/07/2004;0.32
16/07/2004;0.57
17/07/2004;0.68
18/07/2004;1.21
19/07/2004;3.37
20/07/2004;0.76
21/07/2004;0.47
22/07/2004;0.57
23/07/2004;0.38
24/07/2004;0.35
25/07/2004;0.35
26/07/2004;0.35
27/07/2004;0.32
28/07/2004;0.32
29/07/2004;0.35
30/07/2004;0.44
31/07/2004;0.38
01/08/2004;0.38
02/08/2004;0.41
03/08/2004;0.44
04/08/2004;0.38
05/08/2004;0.38
06/08/2004;0.44
07/08/2004;0.44
08/08/2004;0.68
09/08/2004;0.5
10/08/2004;0.38
11/08/2004;0.5
12/08/2004;0.47
13/08/2004;0.54
14/08/2004;0.44
15/08/2004;0.44
16/08/2004;0.44
17/08/2004;0.5
18/08/2004;0.5
19/08/2004;0.5
20/08/2004;0.5
21/08/2004;0.47
22/08/2004;0.47
23/08/2004;0.5
24/08/2004;0.47
25/08/2004;0.5
26/08/2004;0.5
27/08/2004;0.44
28/08/2004;0.57
29/08/2004;0.47
30/08/2004;0.5
31/08/2004;0.47
01/09/2004;0.47
02/09/2004;0.47
03/09/2004;0.47
04/09/2004;0.47
05/09/2004;0.44
06/09/2004;0.47
07/09/2004;0.44
08/09/2004;0.47
09/09/2004;0.44
10/09/2004;0.47
11/09/2004;0.54
12/09/2004;0.8
13/09/2004;2.71
14/09/2004;2.34
15/09/2004;1.02
16/09/2004;0.68
17/09/2004;0.8
18/09/2004;0.64
19/09/2004;0.64
20/09/2004;0.61
21/09/2004;0.57
22/09/2004;0.61
23/09/2004;0.57
24/09/2004;0.57
25/09/2004;0.54
26/09/2004;0.61
27/09/2004;0.61
28/09/2004;0.5
29/09/2004;0.61
30/09/2004;0.54
01/10/2004;0.5
02/10/2004;0.57
03/10/2004;0.5
04/10/2004;0.5
05/10/2004;0.54
06/10/2004;0.5
07/10/2004;0.47
08/10/2004;0.44
09/10/2004;0.44
10/10/2004;0.57
11/10/2004;0.57
12/10/2004;0.5
13/10/2004;1.36
14/10/2004;0.64
15/10/2004;0.93
16/10/2004;0.61
17/10/2004;1.42
18/10/2004;0.64
19/10/2004;0.72
20/10/2004;0.61
21/10/2004;0.61
22/10/2004;0.76
23/10/2004;0.72
24/10/2004;0.72
25/10/2004;1.47
26/10/2004;0.8
27/10/2004;0.68
28/10/2004;0.68
29/10/2004;0.61
30/10/2004;0.57
31/10/2004;0.64
01/11/2004;0.64
02/11/2004;0.61
03/11/2004;0.64
04/11/2004;0.68
05/11/2004;0.54
06/11/2004;0.5
07/11/2004;0.64
08/11/2004;0.64
09/11/2004;0.84
10/11/2004;0.68
11/11/2004;0.88
12/11/2004;0.68
13/11/2004;0.64
14/11/2004;0.64
15/11/2004;0.93
16/11/2004;0.76
17/11/2004;0.8
18/11/2004;1.16
19/11/2004;0.64
20/11/2004;0.61
21/11/2004;0.64
22/11/2004;0.57
23/11/2004;0.64
24/11/2004;0.57
25/11/2004;0.64
26/11/2004;0.64
27/11/2004;0.57
28/11/2004;0.72
29/11/2004;0.64
30/11/2004;0.64
01/12/2004;0.72
02/12/2004;0.84
03/12/2004;0.88
04/12/2004;0.72
05/12/2004;0.64
06/12/2004;0.68
07/12/2004;0.57
08/12/2004;0.61
09/12/2004;1.52
10/12/2004;2.42
11/12/2004;1.36
12/12/2004;1.21
13/12/2004;0.93
14/12/2004;0.88
15/12/2004;0.8
16/12/2004;0.76
17/12/2004;1.21
18/12/2004;1.42
19/12/2004;0.97
20/12/2004;0.88
21/12/2004;1.58
22/12/2004;1.31
23/12/2004;3.56
24/12/2004;2.8
25/12/2004;2
26/12/2004;1.52
27/12/2004;1.36
28/12/2004;1.16
29/12/2004;1.11
30/12/2004;1.02
31/12/2004;0.97
01/01/2005;1.02
02/01/2005;0.97
03/01/2005;1.11
04/01/2005;1.07
05/01/2005;1.31
06/01/2005;0.97
07/01/2005;0.97
08/01/2005;0.8
09/01/2005;1.02
10/01/2005;2.84
11/01/2005;1.47
12/01/2005;1.16
13/01/2005;0.97
14/01/2005;0.93
15/01/2005;0.8
16/01/2005;1.11
17/01/2005;1.02
18/01/2005;0.88
19/01/2005;2.3
20/01/2005;1.58
21/01/2005;1.16
22/01/2005;0.93
23/01/2005;0.8
24/01/2005;0.8
25/01/2005;1.16
26/01/2005;0.8
27/01/2005;0.72
28/01/2005;0.88
29/01/2005;1.16
30/01/2005;0.88
31/01/2005;1.16
01/02/2005;0.93
02/02/2005;0.76
03/02/2005;1.16
04/02/2005;1.07
05/02/2005;0.8
06/02/2005;0.8
07/02/2005;0.76
08/02/2005;0.72
09/02/2005;0.64
10/02/2005;0.72
11/02/2005;0.57
12/02/2005;0.76
13/02/2005;0.68
14/02/2005;0.5
15/02/2005;0.61
16/02/2005;0.93
17/02/2005;0.8
18/02/2005;0.68
19/02/2005;0.68
20/02/2005;0.64
21/02/2005;0.64
22/02/2005;0.57
23/02/2005;0.57
24/02/2005;0.57
25/02/2005;0.57
26/02/2005;0.72
27/02/2005;0.64
28/02/2005;0.61
01/04/2005;0.29
02/04/2005;0.22
03/04/2005;0.35
04/04/2005;0.97
05/04/2005;0.72
06/04/2005;0.5
07/04/2005;0.41
08/04/2005;0.41
09/04/2005;0.38
10/04/2005;0.38
11/04/2005;0.61
12/04/2005;0.57
13/04/2005;0.57
14/04/2005;0.97
15/04/2005;0.64
16/04/2005;0.64
17/04/2005;0.61
18/04/2005;0.64
19/04/2005;0.54
20/04/2005;0.93
21/04/2005;0.61
22/04/2005;0.8
23/04/2005;0.64
24/04/2005;0.57
25/04/2005;0.64
26/04/2005;0.64
27/04/2005;0.44
28/04/2005;0.84
29/04/2005;0.61
30/04/2005;0.8
01/05/2005;0.57
02/05/2005;0.54
03/05/2005;0.5
04/05/2005;0.54
05/05/2005;0.57
06/05/2005;0.5
07/05/2005;0.54
08/05/2005;4.33
09/05/2005;0.88
10/05/2005;0.76
11/05/2005;0.68
12/05/2005;0.64
13/05/2005;0.64
14/05/2005;0.64
15/05/2005;0.64
16/05/2005;0.64
17/05/2005;0.64
18/05/2005;0.64
19/05/2005;0.54
20/05/2005;0.5
21/05/2005;0.5
22/05/2005;0.61
23/05/2005;0.57
24/05/2005;1.52
25/05/2005;0.8
26/05/2005;0.64
27/05/2005;0.64
28/05/2005;0.57
29/05/2005;0.57
30/05/2005;0.57
31/05/2005;0.57
01/06/2005;0.5
02/06/2005;0.54
03/06/2005;0.57
04/06/2005;0.54
05/06/2005;0.5
06/06/2005;0.54
07/06/2005;0.5
08/06/2005;0.5
09/06/2005;0.57
10/06/2005;0.5
11/06/2005;0.5
12/06/2005;0.54
13/06/2005;0.47
14/06/2005;0.47
15/06/2005;0.72
16/06/2005;0.61
17/06/2005;0.47
18/06/2005;0.64
19/06/2005;0.5
20/06/2005;0.76
21/06/2005;0.76
22/06/2005;0.54
23/06/2005;0.5
24/06/2005;0.47
25/06/2005;0.5
26/06/2005;0.5
27/06/2005;0.5
28/06/2005;0.47
29/06/2005;0.5
30/06/2005;0.44
01/07/2005;0.38
02/07/2005;0.44
03/07/2005;0.44
04/07/2005;0.47
05/07/2005;0.64
06/07/2005;0.5
07/07/2005;0.47
08/07/2005;0.47
09/07/2005;0.44
10/07/2005;0.44
11/07/2005;0.44
12/07/2005;0.44
13/07/2005;0.41
14/07/2005;0.44
15/07/2005;0.41
16/07/2005;0.38
17/07/2005;0.44
18/07/2005;0.38
19/07/2005;0.41
20/07/2005;0.38
21/07/2005;0.38
22/07/2005;0.47
23/07/2005;0.97
24/07/2005;0.76
25/07/2005;0.5
26/07/2005;0.44
27/07/2005;0.44
28/07/2005;0.44
29/07/2005;0.41
30/07/2005;0.38
31/07/2005;0.38
01/08/2005;0.38
02/08/2005;0.38
03/08/2005;0.38
04/08/2005;0.38
05/08/2005;0.38
06/08/2005;0.38
07/08/2005;0.41
08/08/2005;0.5
09/08/2005;0.97
10/08/2005;2.34
11/08/2005;1.11
12/08/2005;0.97
13/08/2005;0.76
14/08/2005;0.8
15/08/2005;0.8
16/08/2005;0.72
17/08/2005;0.64
18/08/2005;0.8
19/08/2005;0.72
20/08/2005;0.72
21/08/2005;0.64
22/08/2005;0.72
23/08/2005;0.64
24/08/2005;0.64
25/08/2005;0.64
26/08/2005;0.64
27/08/2005;0.64
28/08/2005;0.68
29/08/2005;0.64
30/08/2005;0.44
31/08/2005;1.07
01/09/2005;0.64
02/09/2005;0.47
03/09/2005;0.44
04/09/2005;1.21
05/09/2005;0.88
06/09/2005;0.54
07/09/2005;0.5
08/09/2005;0.54
09/09/2005;0.54
10/09/2005;0.68
11/09/2005;0.5
12/09/2005;1.64
13/09/2005;0.88
14/09/2005;2.38
15/09/2005;0.88
16/09/2005;0.76
17/09/2005;0.72
18/09/2005;0.72
19/09/2005;0.88
20/09/2005;0.72
21/09/2005;0.72
22/09/2005;0.72
23/09/2005;2.38
24/09/2005;1.16
25/09/2005;0.97
26/09/2005;1.42
27/09/2005;0.97
28/09/2005;0.93
29/09/2005;0.88
30/09/2005;0.84
01/10/2005;0.8
02/10/2005;0.8
03/10/2005;0.76
04/10/2005;0.72
05/10/2005;2.22
06/10/2005;0.93
07/10/2005;0.8
08/10/2005;0.8
09/10/2005;0.8
10/10/2005;0.8
11/10/2005;0.72
12/10/2005;0.72
13/10/2005;0.64
14/10/2005;0.72
15/10/2005;0.72
16/10/2005;0.8
17/10/2005;0.8
18/10/2005;0.72
19/10/2005;0.72
20/10/2005;0.68
21/10/2005;0.64
22/10/2005;0.64
23/10/2005;0.64
24/10/2005;0.68
25/10/2005;0.88
26/10/2005;0.64
27/10/2005;0.64
28/10/2005;2.22
29/10/2005;1.52
30/10/2005;0.88
31/10/2005;1.11
01/11/2005;0.88
02/11/2005;0.8
03/11/2005;0.8
04/11/2005;1.7
05/11/2005;0.97
06/11/2005;0.88
07/11/2005;1.36
08/11/2005;1.16
09/11/2005;1.81
10/11/2005;1.75
11/11/2005;1.31
12/11/2005;1.26
13/11/2005;1.16
14/11/2005;0.97
15/11/2005;0.97
16/11/2005;0.97
17/11/2005;0.97
18/11/2005;0.97
19/11/2005;0.93
20/11/2005;1.02
21/11/2005;0.93
22/11/2005;0.8
23/11/2005;0.8
24/11/2005;1.16
25/11/2005;1.16
26/11/2005;1.07
27/11/2005;0.84
28/11/2005;0.8
29/11/2005;0.8
30/11/2005;0.76
01/12/2005;0.8
02/12/2005;0.97
03/12/2005;0.8
04/12/2005;0.72
05/12/2005;0.72
06/12/2005;0.8
07/12/2005;0.72
08/12/2005;0.72
09/12/2005;0.72
10/12/2005;0.64
11/12/2005;0.72
12/12/2005;0.64
13/12/2005;0.72
14/12/2005;1.7
15/12/2005;0.72
16/12/2005;0.61
17/12/2005;0.57
18/12/2005;0.61
19/12/2005;0.61
20/12/2005;0.57
21/12/2005;0.57
22/12/2005;0.57
23/12/2005;0.57
24/12/2005;0.57
25/12/2005;0.57
26/12/2005;0.54
27/12/2005;0.68
28/12/2005;1.58
29/12/2005;0.72
30/12/2005;0.64
31/12/2005;0.57
01/01/2006;0.72
02/01/2006;1.42
03/01/2006;1.81
04/01/2006;0.84
05/01/2006;0.84
06/01/2006;0.72
07/01/2006;0.64
08/01/2006;0.57
09/01/2006;0.54
10/01/2006;0.57
11/01/2006;0.57
12/01/2006;0.57
13/01/2006;0.61
14/01/2006;0.54
15/01/2006;0.5
16/01/2006;0.54
17/01/2006;0.47
18/01/2006;0.47
19/01/2006;0.72
20/01/2006;0.5
21/01/2006;0.54
22/01/2006;0.5
23/01/2006;0.5
24/01/2006;0.5
25/01/2006;0.5
26/01/2006;0.47
27/01/2006;1.47
28/01/2006;0.68
29/01/2006;0.72
30/01/2006;0.72
31/01/2006;0.64
01/02/2006;0.64
02/02/2006;0.64
03/02/2006;0.64
04/02/2006;0.57
05/02/2006;0.54
06/02/2006;0.57
07/02/2006;0.57
08/02/2006;0.64
09/02/2006;2.3
10/02/2006;2.84
11/02/2006;2.22
12/02/2006;1.52
13/02/2006;1.02
14/02/2006;0.88
15/02/2006;1.07
16/02/2006;0.93
17/02/2006;0.88
18/02/2006;1.26
19/02/2006;2
20/02/2006;5.11
21/02/2006;1.36
22/02/2006;1.26
23/02/2006;1.36
24/02/2006;1.42
25/02/2006;1.21
26/02/2006;1.11
27/02/2006;1.02
28/02/2006;1.16
01/03/2006;1.7
02/03/2006;1.07
03/03/2006;1.26
04/03/2006;1.11
05/03/2006;1.31
06/03/2006;1.26
07/03/2006;1.87
08/03/2006;2.06
09/03/2006;1.52
10/03/2006;2.06
11/03/2006;2.22
12/03/2006;1.7
13/03/2006;1.58
14/03/2006;1.52
15/03/2006;1.36
16/03/2006;1.31
17/03/2006;1.31
18/03/2006;1.26
19/03/2006;1.26
20/03/2006;1.16
21/03/2006;1.87
22/03/2006;1.81
23/03/2006;1.36
24/03/2006;1.26
25/03/2006;1.26
26/03/2006;1.93
27/03/2006;1.75
28/03/2006;1.42
29/03/2006;2.38
30/03/2006;1.87
31/03/2006;1.75
01/04/2006;1.52
02/04/2006;1.42
03/04/2006;1.42
04/04/2006;1.31
05/04/2006;1.42
06/04/2006;1.26
07/04/2006;1.21
08/04/2006;1.26
09/04/2006;1.16
10/04/2006;1.42
11/04/2006;1.16
12/04/2006;1.11
13/04/2006;0.8
14/04/2006;0.54
15/04/2006;0.57
16/04/2006;0.57
17/04/2006;0.57
18/04/2006;0.61
19/04/2006;1.52
20/04/2006;1.16
21/04/2006;0.72
22/04/2006;0.64
23/04/2006;0.64
24/04/2006;0.64
25/04/2006;0.64
26/04/2006;0.64
27/04/2006;0.61
28/04/2006;0.57
29/04/2006;0.61
30/04/2006;0.57
01/05/2006;0.57
02/05/2006;0.54
03/05/2006;0.54
04/05/2006;0.57
05/05/2006;0.54
06/05/2006;0.54
07/05/2006;0.54
08/05/2006;0.54
09/05/2006;0.5
10/05/2006;0.5
11/05/2006;0.5
12/05/2006;0.5
13/05/2006;0.5
14/05/2006;0.47
15/05/2006;0.5
16/05/2006;0.54
17/05/2006;0.54
18/05/2006;0.5
19/05/2006;0.47
20/05/2006;0.5
21/05/2006;0.5
22/05/2006;0.54
23/05/2006;0.54
24/05/2006;0.47
25/05/2006;0.47
26/05/2006;0.44
27/05/2006;0.44
28/05/2006;0.44
29/05/2006;0.44
30/05/2006;0.47
31/05/2006;0.41
01/06/2006;0.38
02/06/2006;0.44
03/06/2006;0.44
04/06/2006;0.41
05/06/2006;0.44
06/06/2006;0.47
07/06/2006;0.44
08/06/2006;0.44
09/06/2006;0.41
10/06/2006;0.38
11/06/2006;0.38
12/06/2006;0.44
13/06/2006;0.44
14/06/2006;0.38
15/06/2006;0.38
16/06/2006;0.41
17/06/2006;0.72
18/06/2006;0.38
19/06/2006;0.41
20/06/2006;0.41
21/06/2006;0.44
22/06/2006;0.44
23/06/2006;0.38
24/06/2006;0.38
25/06/2006;0.38
26/06/2006;0.41
27/06/2006;0.44
28/06/2006;0.41
29/06/2006;0.38
30/06/2006;0.54
01/07/2006;0.41
02/07/2006;0.38
03/07/2006;0.38
04/07/2006;0.38
05/07/2006;0.38
06/07/2006;0.38
07/07/2006;0.32
08/07/2006;0.32
09/07/2006;0.38
10/07/2006;0.8
11/07/2006;0.47
12/07/2006;0.38
13/07/2006;0.38
14/07/2006;0.35
15/07/2006;0.38
16/07/2006;0.38
17/07/2006;0.32
18/07/2006;0.38
19/07/2006;0.5
20/07/2006;0.5
21/07/2006;0.35
22/07/2006;0.32
23/07/2006;0.32
24/07/2006;0.32
25/07/2006;0.32
26/07/2006;0.32
27/07/2006;0.32
28/07/2006;0.38
29/07/2006;0.64
30/07/2006;0.32
31/07/2006;0.47
01/08/2006;0.38
02/08/2006;0.72
03/08/2006;0.38
04/08/2006;0.32
05/08/2006;0.32
06/08/2006;0.41
07/08/2006;0.38
08/08/2006;0.38
09/08/2006;0.38
10/08/2006;0.32
11/08/2006;0.32
12/08/2006;0.29
13/08/2006;0.32
14/08/2006;0.29
15/08/2006;0.35
16/08/2006;0.32
17/08/2006;0.32
18/08/2006;0.38
19/08/2006;0.41
20/08/2006;0.32
21/08/2006;0.32
22/08/2006;0.29
23/08/2006;0.32
24/08/2006;0.32
25/08/2006;0.27
26/08/2006;0.27
27/08/2006;0.27
28/08/2006;0.27
29/08/2006;0.29
30/08/2006;0.27
31/08/2006;0.32
01/09/2006;0.8
02/09/2006;0.5
03/09/2006;0.27
04/09/2006;0.27
05/09/2006;0.27
06/09/2006;0.29
07/09/2006;0.27
08/09/2006;0.27
09/09/2006;0.35
10/09/2006;0.27
11/09/2006;0.27
12/09/2006;0.27
13/09/2006;0.32
14/09/2006;0.27
15/09/2006;0.72
16/09/2006;0.72
17/09/2006;0.8
18/09/2006;1.16
19/09/2006;1.75
20/09/2006;0.88
21/09/2006;0.61
22/09/2006;0.44
23/09/2006;0.38
24/09/2006;0.38
25/09/2006;0.38
26/09/2006;0.35
27/09/2006;0.38
28/09/2006;0.41
29/09/2006;1.26
30/09/2006;0.57
01/10/2006;0.64
02/10/2006;1.93
03/10/2006;0.72
04/10/2006;0.57
05/10/2006;0.54
06/10/2006;0.47
07/10/2006;0.44
08/10/2006;0.44
09/10/2006;0.61
10/10/2006;0.47
11/10/2006;0.44
12/10/2006;0.64
13/10/2006;0.64
14/10/2006;0.72
15/10/2006;0.54
16/10/2006;0.47
17/10/2006;0.64
18/10/2006;0.47
19/10/2006;0.5
20/10/2006;0.54
21/10/2006;0.8
22/10/2006;0.61
23/10/2006;0.54
24/10/2006;0.5
25/10/2006;0.54
26/10/2006;0.5
27/10/2006;0.47
28/10/2006;0.47
29/10/2006;0.44
30/10/2006;0.44
31/10/2006;0.5
01/11/2006;0.47
02/11/2006;0.54
03/11/2006;0.44
04/11/2006;0.88
05/11/2006;0.88
06/11/2006;0.57
07/11/2006;0.57
08/11/2006;0.8
09/11/2006;0.54
10/11/2006;0.54
11/11/2006;0.5
12/11/2006;0.47
13/11/2006;0.72
14/11/2006;1.31
15/11/2006;0.64
16/11/2006;0.57
17/11/2006;2.8
18/11/2006;0.88
19/11/2006;2.88
20/11/2006;1.64
21/11/2006;1.21
22/11/2006;0.97
23/11/2006;0.88
24/11/2006;0.72
25/11/2006;0.68
26/11/2006;0.72
27/11/2006;1.93
28/11/2006;2.88
29/11/2006;2.67
30/11/2006;4.53
01/12/2006;2.46
02/12/2006;2.19
03/12/2006;1.75
04/12/2006;1.58
05/12/2006;1.7
06/12/2006;1.64
07/12/2006;1.58
08/12/2006;1.36
09/12/2006;1.16
10/12/2006;1.11
11/12/2006;1.07
12/12/2006;1.07
13/12/2006;1.02
14/12/2006;1.26
15/12/2006;1.02
16/12/2006;0.93
17/12/2006;0.88
18/12/2006;0.88
19/12/2006;0.84
20/12/2006;0.8
21/12/2006;0.88
22/12/2006;1.16
23/12/2006;1.02
24/12/2006;0.8
25/12/2006;0.8
26/12/2006;0.72
27/12/2006;1.93
28/12/2006;0.88
29/12/2006;0.8
30/12/2006;0.8
31/12/2006;7.04
01/01/2007;1.47
02/01/2007;1.7
03/01/2007;1.42
04/01/2007;1.26
05/01/2007;1.16
06/01/2007;2.3
07/01/2007;2.06
08/01/2007;2.19
09/01/2007;1.64
10/01/2007;1.52
11/01/2007;1.47
12/01/2007;1.31
13/01/2007;1.26
14/01/2007;1.16
15/01/2007;1.16
16/01/2007;1.81
17/01/2007;1.16
18/01/2007;1.58
19/01/2007;1.16
20/01/2007;2.46
21/01/2007;1.31
22/01/2007;1.47
23/01/2007;1.21
24/01/2007;1.11
25/01/2007;1.02
26/01/2007;1.02
27/01/2007;0.97
28/01/2007;0.97
29/01/2007;1.93
30/01/2007;1.07
31/01/2007;0.97
01/02/2007;0.8
02/02/2007;0.72
03/02/2007;0.68
04/02/2007;0.68
05/02/2007;0.61
06/02/2007;0.57
07/02/2007;0.88
08/02/2007;1.93
09/02/2007;2.42
10/02/2007;1.36
11/02/2007;1.42
12/02/2007;1.26
13/02/2007;1.07
14/02/2007;1.07
15/02/2007;1.07
16/02/2007;1.02
17/02/2007;0.88
18/02/2007;0.97
19/02/2007;1.11
20/02/2007;1.07
21/02/2007;1.58
22/02/2007;1.47
23/02/2007;1.11
24/02/2007;0.97
25/02/2007;0.88
26/02/2007;0.88
27/02/2007;0.88
28/02/2007;0.8
01/03/2007;0.72
02/03/2007;0.76
03/03/2007;0.68
04/03/2007;0.64
05/03/2007;0.64
06/03/2007;0.64
07/03/2007;0.64
08/03/2007;0.57
09/03/2007;0.68
10/03/2007;0.54
11/03/2007;0.57
12/03/2007;1.47
13/03/2007;0.88
14/03/2007;0.64
15/03/2007;0.72
16/03/2007;0.64
17/03/2007;1.42
18/03/2007;0.8
19/03/2007;0.84
20/03/2007;0.72
21/03/2007;0.64
22/03/2007;0.64
23/03/2007;0.57
24/03/2007;0.57
25/03/2007;0.54
26/03/2007;0.54
27/03/2007;0.5
28/03/2007;0.5
29/03/2007;0.47
30/03/2007;0.47
31/03/2007;0.44
01/04/2007;0.44
02/04/2007;0.57
03/04/2007;0.5
04/04/2007;0.84
05/04/2007;0.54
06/04/2007;0.8
07/04/2007;0.54
08/04/2007;0.5
09/04/2007;0.5
10/04/2007;1.58
11/04/2007;0.64
12/04/2007;0.61
13/04/2007;0.64
14/04/2007;0.54
15/04/2007;0.54
16/04/2007;0.47
17/04/2007;0.47
18/04/2007;0.44
19/04/2007;0.47
20/04/2007;0.47
21/04/2007;0.44
22/04/2007;0.44
23/04/2007;0.38
24/04/2007;2.22
25/04/2007;0.68
26/04/2007;0.8
27/04/2007;0.8
28/04/2007;0.54
29/04/2007;0.5
30/04/2007;0.5
01/05/2007;0.47
02/05/2007;0.44
03/05/2007;0.47
04/05/2007;0.54
05/05/2007;0.44
06/05/2007;0.44
07/05/2007;0.47
08/05/2007;1.31
09/05/2007;0.72
10/05/2007;0.5
11/05/2007;0.54
12/05/2007;0.47
13/05/2007;0.44
14/05/2007;0.64
15/05/2007;0.47
16/05/2007;0.44
17/05/2007;0.44
18/05/2007;1.07
19/05/2007;1.64
20/05/2007;0.97
21/05/2007;1.58
22/05/2007;1.07
23/05/2007;0.76
24/05/2007;0.64
25/05/2007;0.64
26/05/2007;0.64
27/05/2007;0.57
28/05/2007;0.54
29/05/2007;0.5
30/05/2007;0.47
31/05/2007;0.54
01/06/2007;0.5
02/06/2007;0.47
03/06/2007;0.47
04/06/2007;0.47
05/06/2007;0.47
06/06/2007;0.44
07/06/2007;0.38
08/06/2007;0.44
09/06/2007;0.41
10/06/2007;0.44
11/06/2007;0.41
12/06/2007;0.38
13/06/2007;0.38
14/06/2007;0.35
15/06/2007;0.38
16/06/2007;0.44
17/06/2007;0.44
18/06/2007;0.47
19/06/2007;0.47
20/06/2007;0.54
21/06/2007;0.57
22/06/2007;0.47
23/06/2007;0.41
24/06/2007;0.35
25/06/2007;0.38
26/06/2007;0.41
27/06/2007;0.47
28/06/2007;0.41
29/06/2007;0.41
30/06/2007;0.35
01/07/2007;0.35
02/07/2007;0.35
03/07/2007;0.29
04/07/2007;0.32
05/07/2007;0.29
06/07/2007;0.27
07/07/2007;0.25
08/07/2007;0.35
09/07/2007;0.47
10/07/2007;0.29
11/07/2007;0.27
12/07/2007;0.25
13/07/2007;0.25
14/07/2007;0.35
15/07/2007;0.47
16/07/2007;0.68
17/07/2007;0.61
18/07/2007;0.54
19/07/2007;0.54
20/07/2007;0.47
21/07/2007;0.47
22/07/2007;0.5
23/07/2007;0.8
24/07/2007;0.44
25/07/2007;0.72
26/07/2007;0.44
27/07/2007;0.44
28/07/2007;0.38
29/07/2007;0.44
30/07/2007;0.38
31/07/2007;0.44
01/08/2007;0.38
02/08/2007;0.38
03/08/2007;0.44
04/08/2007;0.38
05/08/2007;0.35
06/08/2007;0.44
07/08/2007;0.44
08/08/2007;0.38
09/08/2007;0.35
10/08/2007;0.38
11/08/2007;0.41
12/08/2007;0.32
13/08/2007;0.38
14/08/2007;0.35
15/08/2007;0.41
16/08/2007;0.38
17/08/2007;0.44
18/08/2007;0.32
19/08/2007;0.32
20/08/2007;0.38
21/08/2007;0.32
22/08/2007;0.32
23/08/2007;0.32
24/08/2007;0.32
25/08/2007;0.32
26/08/2007;0.32
27/08/2007;0.32
28/08/2007;0.32
29/08/2007;0.38
30/08/2007;0.5
31/08/2007;0.72
01/09/2007;0.41
02/09/2007;0.35
03/09/2007;0.41
04/09/2007;0.35
05/09/2007;0.35
06/09/2007;0.35
07/09/2007;0.32
08/09/2007;0.32
09/09/2007;0.32
10/09/2007;0.32
11/09/2007;0.32
12/09/2007;0.32
13/09/2007;0.32
14/09/2007;0.32
15/09/2007;0.32
16/09/2007;0.27
17/09/2007;0.47
18/09/2007;0.64
19/09/2007;0.41
20/09/2007;0.35
21/09/2007;1.07
22/09/2007;0.72
23/09/2007;0.47
24/09/2007;0.44
25/09/2007;0.44
26/09/2007;0.47
27/09/2007;0.54
28/09/2007;0.47
29/09/2007;0.38
30/09/2007;0.38
01/10/2007;0.38
02/10/2007;0.38
03/10/2007;0.41
04/10/2007;0.38
05/10/2007;0.41
06/10/2007;0.38
07/10/2007;0.38
08/10/2007;0.41
09/10/2007;0.38
10/10/2007;0.38
11/10/2007;0.35
12/10/2007;0.35
13/10/2007;0.35
14/10/2007;0.54
15/10/2007;0.72
16/10/2007;0.72
17/10/2007;0.57
18/10/2007;0.44
19/10/2007;0.44
20/10/2007;0.41
21/10/2007;0.5
22/10/2007;0.72
23/10/2007;0.47
24/10/2007;0.8
25/10/2007;2.67
26/10/2007;1.31
27/10/2007;0.76
28/10/2007;0.64
29/10/2007;0.64
30/10/2007;0.68
31/10/2007;0.57
01/11/2007;0.61
02/11/2007;0.64
03/11/2007;1.16
04/11/2007;0.72
05/11/2007;0.8
06/11/2007;0.76
07/11/2007;1.26
08/11/2007;0.88
09/11/2007;0.76
10/11/2007;0.8
11/11/2007;0.97
12/11/2007;1.07
13/11/2007;0.97
14/11/2007;1.02
15/11/2007;0.8
16/11/2007;0.72
17/11/2007;0.88
18/11/2007;1.07
19/11/2007;0.93
20/11/2007;0.8
21/11/2007;0.76
22/11/2007;0.72
23/11/2007;0.68
24/11/2007;0.64
25/11/2007;0.64
26/11/2007;0.64
27/11/2007;0.76
28/11/2007;0.61
29/11/2007;0.57
30/11/2007;0.57
01/12/2007;0.57
02/12/2007;0.54
03/12/2007;0.5
04/12/2007;0.5
05/12/2007;0.57
06/12/2007;0.93
07/12/2007;1.11
08/12/2007;0.84
09/12/2007;0.72
10/12/2007;0.72
11/12/2007;0.72
12/12/2007;1.11
13/12/2007;0.8
14/12/2007;0.76
15/12/2007;0.72
16/12/2007;0.64
17/12/2007;0.64
18/12/2007;0.64
19/12/2007;0.72
20/12/2007;0.64
21/12/2007;0.88
22/12/2007;0.64
23/12/2007;0.61
24/12/2007;0.61
25/12/2007;0.57
26/12/2007;0.57
27/12/2007;0.64
28/12/2007;0.57
29/12/2007;0.64
30/12/2007;0.61
31/12/2007;0.64
01/01/2008;0.57
02/01/2008;0.72
03/01/2008;0.61
04/01/2008;0.57
05/01/2008;1.64
06/01/2008;0.8
07/01/2008;1.26
08/01/2008;0.76
09/01/2008;0.72
10/01/2008;0.76
11/01/2008;0.84
12/01/2008;1.11
13/01/2008;1.58
14/01/2008;3.84
15/01/2008;2.15
16/01/2008;1.64
17/01/2008;2.11
18/01/2008;1.36
19/01/2008;1.16
20/01/2008;1.58
21/01/2008;2.19
22/01/2008;1.52
23/01/2008;1.64
24/01/2008;1.7
25/01/2008;2.19
26/01/2008;2.22
27/01/2008;1.93
28/01/2008;1.93
29/01/2008;3.1
30/01/2008;2.63
31/01/2008;3.98
01/02/2008;2.88
02/02/2008;2.42
03/02/2008;2.19
04/02/2008;2.06
05/02/2008;1.87
06/02/2008;1.58
07/02/2008;1.52
08/02/2008;1.81
09/02/2008;1.42
10/02/2008;1.47
11/02/2008;1.42
12/02/2008;1.93
13/02/2008;1.58
14/02/2008;1.16
15/02/2008;2.38
16/02/2008;1.75
17/02/2008;1.93
18/02/2008;1.64
19/02/2008;1.52
20/02/2008;1.21
21/02/2008;1.26
22/02/2008;0.93
23/02/2008;0.88
24/02/2008;2.34
25/02/2008;1.58
26/02/2008;2.63
27/02/2008;3.01
28/02/2008;2.46
29/02/2008;2.22
01/03/2008;2.06
02/03/2008;1.64
03/03/2008;1.47
04/03/2008;1.26
05/03/2008;1.16
06/03/2008;1.07
07/03/2008;1.02
08/03/2008;0.88
09/03/2008;0.88
10/03/2008;0.8
11/03/2008;0.88
12/03/2008;1.26
13/03/2008;1.16
14/03/2008;1.02
15/03/2008;1.31
16/03/2008;1.64
17/03/2008;1.26
18/03/2008;1.31
19/03/2008;1.07
20/03/2008;1.02
21/03/2008;0.97
22/03/2008;0.88
23/03/2008;0.88
24/03/2008;1.07
25/03/2008;2.15
26/03/2008;1.11
27/03/2008;1.07
28/03/2008;0.97
29/03/2008;1.07
30/03/2008;1.26
31/03/2008;0.97
01/04/2008;0.88
02/04/2008;0.97
03/04/2008;0.97
04/04/2008;1.47
05/04/2008;1.07
06/04/2008;0.97
07/04/2008;0.97
08/04/2008;0.97
09/04/2008;0.88
10/04/2008;0.88
11/04/2008;0.88
12/04/2008;0.8
13/04/2008;0.84
14/04/2008;0.97
15/04/2008;0.8
16/04/2008;0.8
17/04/2008;0.8
18/04/2008;0.76
19/04/2008;0.8
20/04/2008;1.42
21/04/2008;0.88
22/04/2008;0.88
23/04/2008;0.72
24/04/2008;0.57
25/04/2008;0.57
26/04/2008;0.5
27/04/2008;0.47
28/04/2008;0.47
29/04/2008;2.84
30/04/2008;0.72
01/05/2008;0.57
02/05/2008;2.59
03/05/2008;0.88
04/05/2008;0.72
05/05/2008;0.64
06/05/2008;0.57
07/05/2008;0.57
08/05/2008;0.54
09/05/2008;0.5
10/05/2008;0.54
11/05/2008;0.61
12/05/2008;0.64
13/05/2008;0.8
14/05/2008;0.47
15/05/2008;0.64
16/05/2008;0.64
17/05/2008;0.64
18/05/2008;0.57
19/05/2008;0.64
20/05/2008;0.57
21/05/2008;0.61
22/05/2008;0.54
23/05/2008;0.54
24/05/2008;0.54
25/05/2008;0.57
26/05/2008;0.64
27/05/2008;0.64
28/05/2008;0.54
29/05/2008;0.57
30/05/2008;0.64
31/05/2008;0.5
01/06/2008;0.61
02/06/2008;0.54
03/06/2008;0.54
04/06/2008;0.8
05/06/2008;0.61
06/06/2008;0.57
07/06/2008;0.54
08/06/2008;0.54
09/06/2008;0.5
10/06/2008;0.5
11/06/2008;0.47
12/06/2008;0.5
13/06/2008;0.68
14/06/2008;0.68
15/06/2008;1.31
16/06/2008;0.54
17/06/2008;0.54
18/06/2008;0.5
19/06/2008;0.54
20/06/2008;0.5
21/06/2008;0.5
22/06/2008;0.47
23/06/2008;0.47
24/06/2008;0.47
25/06/2008;0.44
26/06/2008;0.44
27/06/2008;0.47
28/06/2008;0.44
29/06/2008;0.47
30/06/2008;0.47
01/07/2008;0.47
02/07/2008;0.44
03/07/2008;0.47
04/07/2008;0.44
05/07/2008;0.47
06/07/2008;0.44
07/07/2008;0.44
08/07/2008;0.44
09/07/2008;0.44
10/07/2008;0.44
11/07/2008;0.47
12/07/2008;0.44
13/07/2008;0.44
14/07/2008;0.38
15/07/2008;0.38
16/07/2008;0.38
17/07/2008;0.38
18/07/2008;0.38
19/07/2008;0.41
20/07/2008;0.41
21/07/2008;0.38
22/07/2008;0.38
23/07/2008;0.41
24/07/2008;0.72
25/07/2008;0.44
26/07/2008;0.44
27/07/2008;0.41
28/07/2008;0.38
29/07/2008;0.38
30/07/2008;0.38
31/07/2008;0.35
01/08/2008;0.38
02/08/2008;0.38
03/08/2008;0.47
04/08/2008;0.44
05/08/2008;0.38
06/08/2008;0.38
07/08/2008;0.44
08/08/2008;0.44
09/08/2008;0.88
10/08/2008;0.64
11/08/2008;0.54
12/08/2008;0.44
13/08/2008;1.11
14/08/2008;0.57
15/08/2008;0.57
16/08/2008;0.47
17/08/2008;0.44
18/08/2008;0.44
19/08/2008;0.44
20/08/2008;0.41
21/08/2008;0.44
22/08/2008;0.44
23/08/2008;0.44
24/08/2008;0.38
25/08/2008;0.44
26/08/2008;0.41
27/08/2008;0.38
28/08/2008;0.38
29/08/2008;0.38
30/08/2008;0.35
31/08/2008;0.35
01/09/2008;0.35
02/09/2008;0.35
03/09/2008;0.35
04/09/2008;0.38
05/09/2008;0.41
06/09/2008;0.35
07/09/2008;0.38
08/09/2008;0.38
09/09/2008;0.47
10/09/2008;0.44
11/09/2008;0.38
12/09/2008;0.38
13/09/2008;0.64
14/09/2008;0.5
15/09/2008;0.41
16/09/2008;0.41
17/09/2008;0.38
18/09/2008;0.38
19/09/2008;0.38
20/09/2008;0.41
21/09/2008;0.57
22/09/2008;0.38
23/09/2008;0.38
24/09/2008;0.38
25/09/2008;0.64
26/09/2008;0.72
27/09/2008;0.47
28/09/2008;0.68
29/09/2008;0.76
30/09/2008;0.57
01/10/2008;0.57
02/10/2008;0.54
03/10/2008;0.5
04/10/2008;2.15
05/10/2008;1.07
06/10/2008;0.72
07/10/2008;0.47
08/10/2008;0.61
09/10/2008;0.64
10/10/2008;0.61
11/10/2008;0.64
12/10/2008;0.57
13/10/2008;0.54
14/10/2008;0.54
15/10/2008;0.57
16/10/2008;0.72
17/10/2008;4.33
18/10/2008;3.42
19/10/2008;3.89
20/10/2008;3.37
21/10/2008;2.63
22/10/2008;2.22
23/10/2008;1.93
24/10/2008;1.93
25/10/2008;1.58
26/10/2008;1.58
27/10/2008;1.26
28/10/2008;1.02
29/10/2008;1.75
30/10/2008;1.02
31/10/2008;1.36
01/11/2008;1.07
02/11/2008;1.16
03/11/2008;1.07
04/11/2008;0.97
05/11/2008;0.97
06/11/2008;0.97
07/11/2008;0.76
08/11/2008;0.88
09/11/2008;0.76
10/11/2008;1.07
11/11/2008;5.43
12/11/2008;3.74
13/11/2008;2.55
14/11/2008;2.11
15/11/2008;1.75
16/11/2008;1.58
17/11/2008;1.58
18/11/2008;1.47
19/11/2008;1.36
20/11/2008;1.26
21/11/2008;4.38
22/11/2008;10.36
23/11/2008;3.89
24/11/2008;3.24
25/11/2008;3.19
26/11/2008;3.24
27/11/2008;2.88
28/11/2008;3.98
29/11/2008;2.97
30/11/2008;2.67
01/12/2008;2.46
02/12/2008;2.15
03/12/2008;2.15
04/12/2008;1.7
05/12/2008;1.42
06/12/2008;1.21
07/12/2008;1.11
08/12/2008;1.07
09/12/2008;0.97
10/12/2008;0.97
11/12/2008;1.07
12/12/2008;1.07
13/12/2008;0.97
14/12/2008;0.8
15/12/2008;0.88
16/12/2008;2.84
17/12/2008;2.51
18/12/2008;1.52
19/12/2008;1.16
20/12/2008;0.97
21/12/2008;0.88
22/12/2008;0.8
23/12/2008;0.64
24/12/2008;0.57
25/12/2008;0.57
26/12/2008;0.54
27/12/2008;0.61
28/12/2008;0.64
29/12/2008;0.64
30/12/2008;0.57
31/12/2008;0.57
01/01/2009;0.84
02/01/2009;1.81
03/01/2009;1.16
04/01/2009;0.8
05/01/2009;1.07
06/01/2009;0.8
07/01/2009;0.72
08/01/2009;0.64
09/01/2009;0.64
10/01/2009;0.64
11/01/2009;0.88
12/01/2009;0.72
13/01/2009;1.93
14/01/2009;0.72
15/01/2009;0.68
16/01/2009;0.64
17/01/2009;0.72
18/01/2009;0.61
19/01/2009;0.61
20/01/2009;0.88
21/01/2009;0.64
22/01/2009;0.72
23/01/2009;0.72
24/01/2009;0.64
25/01/2009;0.88
26/01/2009;2.42
27/01/2009;2.55
28/01/2009;1.93
29/01/2009;1.52
30/01/2009;1.26
31/01/2009;1.16
01/02/2009;0.88
02/02/2009;0.88
03/02/2009;0.88
04/02/2009;0.8
05/02/2009;1.02
06/02/2009;0.97
07/02/2009;1.58
08/02/2009;0.97
09/02/2009;0.93
10/02/2009;2
11/02/2009;2.71
12/02/2009;1.36
13/02/2009;1.11
14/02/2009;0.97
15/02/2009;0.97
16/02/2009;0.8
17/02/2009;0.64
18/02/2009;0.57
19/02/2009;0.8
20/02/2009;0.88
21/02/2009;0.88
22/02/2009;0.8
23/02/2009;0.88
24/02/2009;1.21
25/02/2009;1.47
26/02/2009;2
27/02/2009;1.16
28/02/2009;1.21
01/03/2009;1.16
02/03/2009;1.16
03/03/2009;1.07
04/03/2009;0.97
05/03/2009;0.97
06/03/2009;0.88
07/03/2009;0.88
08/03/2009;2.71
09/03/2009;1.26
10/03/2009;1.36
11/03/2009;1.16
12/03/2009;1.52
13/03/2009;1.36
14/03/2009;1.16
15/03/2009;1.07
16/03/2009;0.97
17/03/2009;0.97
18/03/2009;1.07
19/03/2009;1.02
20/03/2009;1.47
21/03/2009;1.26
22/03/2009;1.11
23/03/2009;0.88
24/03/2009;0.72
25/03/2009;0.64
26/03/2009;0.97
27/03/2009;0.68
28/03/2009;0.72
29/03/2009;0.64
30/03/2009;0.57
31/03/2009;0.64
01/04/2009;0.57
02/04/2009;0.88
03/04/2009;1.26
04/04/2009;0.64
05/04/2009;0.57
06/04/2009;0.57
07/04/2009;0.64
08/04/2009;0.64
09/04/2009;0.54
10/04/2009;0.5
11/04/2009;0.5
12/04/2009;0.47
13/04/2009;0.44
14/04/2009;0.64
15/04/2009;0.64
16/04/2009;0.76
17/04/2009;0.64
18/04/2009;0.54
19/04/2009;0.54
20/04/2009;0.64
21/04/2009;0.64
22/04/2009;0.8
23/04/2009;0.72
24/04/2009;0.68
25/04/2009;0.64
26/04/2009;0.64
27/04/2009;0.64
28/04/2009;0.57
29/04/2009;0.57
30/04/2009;0.57
01/05/2009;0.76
02/05/2009;0.64
03/05/2009;0.64
04/05/2009;0.64
05/05/2009;0.64
06/05/2009;0.57
07/05/2009;0.57
08/05/2009;0.57
09/05/2009;0.61
10/05/2009;0.54
11/05/2009;0.54
12/05/2009;0.54
13/05/2009;0.54
14/05/2009;0.54
15/05/2009;0.5
16/05/2009;0.47
17/05/2009;0.5
18/05/2009;0.47
19/05/2009;0.47
20/05/2009;0.5
21/05/2009;0.47
22/05/2009;0.47
23/05/2009;0.44
24/05/2009;0.47
25/05/2009;0.44
26/05/2009;0.44
27/05/2009;0.5
28/05/2009;0.5
29/05/2009;0.57
30/05/2009;0.47
31/05/2009;0.47
01/06/2009;0.44
02/06/2009;0.44
03/06/2009;0.38
04/06/2009;0.44
05/06/2009;0.44
06/06/2009;0.44
07/06/2009;0.38
08/06/2009;0.41
09/06/2009;0.44
10/06/2009;0.5
11/06/2009;0.47
12/06/2009;0.64
13/06/2009;0.47
14/06/2009;0.44
15/06/2009;0.44
16/06/2009;0.54
17/06/2009;0.44
18/06/2009;0.44
19/06/2009;0.44
20/06/2009;0.38
21/06/2009;0.38
22/06/2009;0.44
23/06/2009;0.44
24/06/2009;0.38
25/06/2009;0.47
26/06/2009;0.44
27/06/2009;0.64
28/06/2009;0.54
29/06/2009;0.47
30/06/2009;0.5
01/07/2009;0.47
02/07/2009;0.5
03/07/2009;0.47
04/07/2009;0.44
05/07/2009;0.44
06/07/2009;0.54
07/07/2009;0.44
08/07/2009;0.44
09/07/2009;0.44
10/07/2009;0.47
11/07/2009;1.26
12/07/2009;0.88
13/07/2009;0.54
14/07/2009;0.5
15/07/2009;0.47
16/07/2009;0.47
17/07/2009;0.47
18/07/2009;0.47
19/07/2009;0.5
20/07/2009;0.47
21/07/2009;0.44
22/07/2009;0.44
23/07/2009;1.31
24/07/2009;0.93
25/07/2009;0.61
26/07/2009;0.72
27/07/2009;0.72
28/07/2009;1.7
29/07/2009;0.97
30/07/2009;0.8
31/07/2009;0.88
01/10/2009;1.07
02/10/2009;0.97
03/10/2009;0.8
04/10/2009;0.8
05/10/2009;0.8
06/10/2009;0.72
07/10/2009;0.72
08/10/2009;0.76
09/10/2009;0.84
10/10/2009;0.72
11/10/2009;0.72
12/10/2009;0.72
13/10/2009;0.64
14/10/2009;0.68
15/10/2009;0.97
16/10/2009;0.93
17/10/2009;1.16
18/10/2009;1.16
19/10/2009;1.47
20/10/2009;1.02
21/10/2009;0.88
22/10/2009;1.75
23/10/2009;0.97
24/10/2009;0.88
25/10/2009;0.88
26/10/2009;0.8
27/10/2009;0.8
28/10/2009;0.76
29/10/2009;0.8
30/10/2009;0.72
31/10/2009;0.72
01/11/2009;0.68
02/11/2009;0.64
03/11/2009;0.68
04/11/2009;0.68
05/11/2009;0.64
06/11/2009;0.64
07/11/2009;0.68
08/11/2009;0.72
09/11/2009;0.64
10/11/2009;0.61
11/11/2009;0.61
12/11/2009;0.57
13/11/2009;0.57
14/11/2009;0.54
15/11/2009;0.61
16/11/2009;1.36
17/11/2009;0.64
18/11/2009;0.57
19/11/2009;0.61
20/11/2009;0.8
21/11/2009;0.8
22/11/2009;0.54
23/11/2009;0.61
24/11/2009;0.64
25/11/2009;0.61
26/11/2009;0.8
27/11/2009;0.64
28/11/2009;2.05
29/11/2009;0.64
30/11/2009;0.55
